325,139,3,1,82,1,1,0,,,
430,644,3,1,82,1,2,0,,,
295,158,3,1,82,1,6,0,,,
355,153,3,1,82,1,11,0,,,
120,122,3,1,82,1,15,0,,,
170,123,3,1,82,1,16,0,,,
175,161,3,1,82,1,17,0,,,
215,426,3,1,82,1,20,0,,,
260,171,3,1,82,1,33,0,,,
275,174,3,1,82,1,34,0,,,
290,177,3,1,82,1,39,0,,,
300,523,3,1,82,1,40,0,,,
305,203,3,1,82,1,41,0,,,
315,138,3,1,82,1,51,0,,,
320,163,3,1,82,1,52,0,,,
335,661,3,1,82,1,54,0,,,
340,658,3,1,82,1,57,0,,,
345,52,3,1,82,1,58,0,,,
350,441,3,1,82,1,59,0,,,
360,179,3,1,82,1,61,4,,,
375,184,3,1,82,1,62,4,,,
380,186,3,1,82,1,63,4,,,
390,509,3,1,82,1,64,0,,,
395,510,3,1,82,1,65,4,,,
405,217,3,1,82,1,66,0,,,
410,655,3,1,82,1,67,0,,,
420,438,3,1,82,1,71,0,,,
425,196,3,1,82,1,73,0,,,
435,197,3,1,82,1,74,0,,,
440,198,3,1,82,1,75,0,,,
450,654,3,1,82,1,76,0,,,
460,222,3,1,82,1,78,4,,,
5,221,3,1,82,1,79,4,,,
25,143,3,1,82,1,81,0,,,
40,146,3,1,82,1,83,0,,,
55,137,3,1,82,1,84,0,,,
70,147,3,1,82,1,86,0,,,
90,148,3,1,82,1,91,0,,,
130,449,3,1,82,1,101,0,,,
140,447,3,1,82,1,102,0,,,
155,448,3,1,82,1,103,0,,,
180,498,3,1,82,1,111,0,,,
190,499,3,1,82,1,112,0,,,
200,40,3,1,82,1,113,0,,,
210,39,3,1,82,1,114,4,,,
220,500,3,1,82,1,115,4,,,
205,318,3,1,82,1,117,4,,,
195,135,3,1,82,1,118,0,,,
185,88,3,1,82,1,121,0,,,
165,89,3,1,82,1,122,4,,,
150,660,3,1,82,1,124,0,,,
135,659,3,1,82,1,125,0,,,
125,555,3,1,82,1,128,0,,,
110,53,3,1,82,1,131,0,,,
105,54,3,1,82,1,132,0,,,
100,55,3,1,82,1,133,0,,,
80,56,3,1,82,1,134,0,,,
75,408,3,1,82,1,135,0,,,
65,277,3,1,82,1,136,0,,,
60,583,3,1,82,1,137,0,,,
50,270,3,1,82,1,138,0,,,
45,271,3,1,82,1,139,0,,,
35,34,3,1,82,1,140,0,,,
30,33,3,1,82,1,141,0,,,
15,59,3,1,82,1,142,0,,,
455,60,3,1,82,1,143,0,,,
400,565,3,1,82,1,161,0,,,
385,595,3,1,82,1,162,0,,,
370,596,3,1,82,1,163,0,,,
365,561,3,1,82,1,164,0,,,
330,616,3,1,82,1,169,0,,,
280,607,3,1,82,1,192,0,,,
270,35,3,1,82,1,193,0,,,
265,608,3,1,82,1,194,0,,,
255,609,3,1,82,1,195,0,,,
250,149,3,1,82,1,197,0,,,
245,610,3,1,82,1,199,0,,,
240,653,3,1,82,1,200,0,,,
235,617,3,1,82,1,201,0,,,
230,590,3,1,82,1,202,0,,,
225,490,3,1,82,1,210,0,,,
160,662,3,1,82,1,220,0,,,
145,375,3,1,82,1,222,0,,,
115,62,3,1,82,1,223,0,,,
95,63,3,1,82,1,224,0,,,
85,559,3,1,82,1,225,0,,,
20,2,3,1,82,1,226,0,,,
10,132,3,1,82,1,227,0,,,
3399,411,3,1,82,1,228,0,,,
415,663,3,1,82,1,230,0,,,
310,276,3,1,82,1,235,0,,,
285,220,3,1,82,1,236,0,,,
323,139,1,1,86,1,1,0,,,
428,644,1,1,86,1,2,0,,,
293,158,1,1,86,1,6,0,,,
353,153,1,1,86,1,11,0,,,
118,214,1,1,86,1,15,0,,,
168,215,1,1,86,1,16,0,,,
173,162,1,1,86,1,17,0,,,
213,426,1,1,86,1,20,0,,,
258,171,1,1,86,1,33,0,,,
273,174,1,1,86,1,34,0,,,
288,177,1,1,86,1,39,0,,,
303,203,1,1,86,1,41,0,,,
313,138,1,1,86,1,51,0,,,
318,163,1,1,86,1,52,0,,,
333,661,1,1,86,1,54,0,,,
338,658,1,1,86,1,57,0,,,
343,52,1,1,86,1,58,0,,,
358,179,1,1,86,1,61,4,,,
373,184,1,1,86,1,62,4,,,
378,186,1,1,86,1,63,4,,,
393,510,1,1,86,1,65,4,,,
403,217,1,1,86,1,66,0,,,
408,655,1,1,86,1,67,0,,,
418,438,1,1,86,1,71,0,,,
423,196,1,1,86,1,73,0,,,
433,197,1,1,86,1,74,0,,,
438,198,1,1,86,1,75,0,,,
448,654,1,1,86,1,76,0,,,
458,222,1,1,86,1,78,4,,,
3,221,1,1,86,1,79,4,,,
23,143,1,1,86,1,81,0,,,
38,146,1,1,86,1,83,0,,,
53,137,1,1,86,1,84,0,,,
68,147,1,1,86,1,86,0,,,
88,148,1,1,86,1,91,0,,,
128,449,1,1,86,1,101,0,,,
138,447,1,1,86,1,102,0,,,
153,448,1,1,86,1,103,0,,,
178,314,1,1,86,1,111,0,,,
188,316,1,1,86,1,112,0,,,
198,319,1,1,86,1,113,0,,,
208,320,1,1,86,1,114,4,,,
218,500,1,1,86,1,115,4,,,
203,318,1,1,86,1,117,4,,,
193,135,1,1,86,1,118,0,,,
183,88,1,1,86,1,121,0,,,
163,89,1,1,86,1,122,4,,,
148,660,1,1,86,1,124,4,,,
133,659,1,1,86,1,125,4,,,
123,555,1,1,86,1,128,0,,,
108,53,1,1,86,1,131,0,,,
103,54,1,1,86,1,132,0,,,
98,55,1,1,86,1,133,0,,,
78,56,1,1,86,1,134,0,,,
73,408,1,1,86,1,135,0,,,
63,277,1,1,86,1,136,0,,,
58,583,1,1,86,1,137,0,,,
48,270,1,1,86,1,138,0,,,
43,271,1,1,86,1,139,0,,,
33,34,1,1,86,1,140,0,,,
28,33,1,1,86,1,141,0,,,
13,59,1,1,86,1,142,0,,,
453,60,1,1,86,1,143,0,,,
398,565,1,1,86,1,161,0,,,
383,595,1,1,86,1,162,0,,,
368,596,1,1,86,1,163,0,,,
363,561,1,1,86,1,164,0,,,
328,616,1,1,86,1,169,0,,,
278,607,1,1,86,1,192,0,,,
268,35,1,1,86,1,193,0,,,
263,608,1,1,86,1,194,0,,,
253,609,1,1,86,1,195,0,,,
248,149,1,1,86,1,197,0,,,
243,610,1,1,86,1,199,0,,,
238,653,1,1,86,1,200,0,,,
233,617,1,1,86,1,201,0,,,
228,590,1,1,86,1,202,0,,,
223,490,1,1,86,1,210,0,,,
158,662,1,1,86,1,220,0,,,
143,375,1,1,86,1,222,0,,,
113,62,1,1,86,1,223,0,,,
93,63,1,1,86,1,224,0,,,
83,559,1,1,86,1,225,0,,,
18,2,1,1,86,1,226,0,,,
8,132,1,1,86,1,227,0,,,
3398,411,1,1,86,1,228,0,,,
413,663,1,1,86,1,230,0,,,
308,276,1,1,86,1,235,0,,,
283,220,1,1,86,1,236,0,,,
3459,153,500,1,88,1,11,0,,,
2467,139,5,2,88,1,1,0,7,103,0
3354,139,5,2,88,1,1,1,7,103,0
2476,158,5,2,88,1,6,0,2,100,500
2477,158,5,2,88,1,6,0,2,100,850
2478,158,5,2,88,1,6,0,2,100,925
2503,158,5,2,88,1,6,1,2,100,500
2506,158,5,2,88,1,6,1,2,100,850
2510,158,5,2,88,1,6,1,2,100,925
2464,153,5,2,88,1,11,0,2,100,500
2465,153,5,2,88,1,11,0,2,100,850
2466,153,5,2,88,1,11,0,2,100,925
2470,153,5,2,88,1,11,0,6,105,2
2504,153,5,2,88,1,11,1,2,100,500
2507,153,5,2,88,1,11,1,2,100,850
2511,153,5,2,88,1,11,1,2,100,925
2529,153,5,2,88,1,11,1,6,105,2
2540,153,5,2,88,1,11,0,6,105,10
2456,414,5,2,88,1,17,0,6,105,2
2530,414,5,2,88,1,17,1,6,105,2
2458,171,5,2,88,1,33,0,2,100,500
2460,171,5,2,88,1,33,0,2,100,850
2462,171,5,2,88,1,33,0,2,100,925
2468,171,5,2,88,1,33,0,6,105,10
2505,171,5,2,88,1,33,1,2,100,500
2508,171,5,2,88,1,33,1,2,100,850
2512,171,5,2,88,1,33,1,2,100,925
2539,171,5,2,88,1,33,1,6,105,10
2459,174,5,2,88,1,34,0,2,100,500
2461,174,5,2,88,1,34,0,2,100,850
2463,174,5,2,88,1,34,0,2,100,925
2469,174,5,2,88,1,34,0,6,105,10
2509,174,5,2,88,1,34,1,2,100,850
2513,174,5,2,88,1,34,1,2,100,925
2518,174,5,2,88,1,34,1,2,100,500
2528,174,5,2,88,1,34,1,6,105,10
2534,171,5,2,88,1,34,1,6,105,10
2473,179,5,2,88,1,61,4,6,105,0
2474,764,5,2,88,1,65,4,6,105,0
2471,438,5,2,88,1,71,0,6,105,0
3353,438,5,2,88,1,71,1,6,105,0
2475,318,5,2,88,1,117,4,6,105,0
3402,411,5,2,88,1,228,0,6,105,10
3410,411,5,2,88,1,228,2,6,105,10
3411,411,5,2,88,1,228,1,6,105,10
2144,139,199,3,86,253,1,0,,,
2160,139,199,3,86,253,2,0,7,,
2174,158,199,3,86,253,6,0,,,
2167,421,199,3,86,253,8,0,,,
2139,153,199,3,86,253,11,0,,,
2140,313,199,3,86,253,13,0,,,
2177,214,199,3,86,253,15,2,,,
2173,215,199,3,86,253,16,2,,,
2164,162,199,3,86,253,17,0,,,
2163,426,199,3,86,253,20,0,,,
2130,171,199,3,86,253,33,0,,,
2125,174,199,3,86,253,34,0,,,
2118,177,199,3,86,253,39,0,,,
2116,523,199,3,86,253,40,0,,,
2179,203,199,3,86,253,41,0,,,
2166,138,199,3,86,253,51,0,,,
2161,163,199,3,86,253,52,0,,,
2158,661,199,3,86,253,54,0,,,
2157,658,199,3,86,253,57,0,,,
2159,52,199,3,86,253,58,0,,,
2172,179,199,3,86,253,61,4,,,
2145,217,199,3,86,253,66,0,,,
2154,655,199,3,86,253,67,0,,,
2156,438,199,3,86,253,71,0,,,
2146,196,199,3,86,253,73,0,,,
2143,197,199,3,86,253,74,0,,,
2126,198,199,3,86,253,75,0,,,
2169,654,199,3,86,253,76,0,,,
2155,143,199,3,86,253,81,0,,,
2153,146,199,3,86,253,83,0,,,
2151,137,199,3,86,253,84,0,,,
2149,147,199,3,86,253,86,0,,,
2147,148,199,3,86,253,91,0,,,
2137,449,199,3,86,253,101,0,,,
2135,447,199,3,86,253,102,0,,,
2132,448,199,3,86,253,103,0,,,
2129,314,199,3,86,253,111,4,,,
2128,316,199,3,86,253,112,0,,,
2123,319,199,3,86,253,113,4,,,
2124,40,199,3,86,253,113,0,,,
2119,320,199,3,86,253,114,4,,,
2120,320,199,3,86,253,114,0,,,
2121,317,199,3,86,253,115,4,,,
2127,318,199,3,86,253,117,4,,,
2131,88,199,3,86,253,121,0,,,
2134,89,199,3,86,253,122,4,,,
2136,660,199,3,86,253,124,4,,,
2138,659,199,3,86,253,125,4,,,
2150,406,199,3,86,253,135,0,,,
2142,2,199,3,86,253,144,0,,,
2122,559,199,3,86,253,160,0,,,
2114,595,199,3,86,253,162,2,,,
2168,596,199,3,86,253,163,2,,,
2171,324,199,3,86,253,181,0,,,
3443,692,199,3,86,253,181,0,3,109,
2175,510,199,3,86,253,184,4,,,
2176,323,199,3,86,253,184,0,,,
3442,767,199,3,86,253,184,0,3,109,
2178,325,199,3,86,253,185,4,,,
2115,276,199,3,86,253,186,0,,,
2117,220,199,3,86,253,187,0,,,
3448,220,199,3,86,253,187,0,,,
2152,653,199,3,86,253,200,0,,,
2141,617,199,3,86,253,201,4,,,
2148,328,199,3,86,253,201,0,,,
3441,693,199,3,86,253,201,0,3,109,
2133,321,199,3,86,253,204,4,,,
2162,461,199,3,86,253,209,0,,,
2165,490,199,3,86,253,210,0,,,
3403,411,199,3,86,253,228,0,,,
2542,153,6,4,88,1,11,0,6,105,2
3095,153,6,4,88,1,11,1,6,105,2
3104,153,6,4,88,1,11,0,6,105,
3105,153,6,4,88,1,11,1,6,105,
2543,171,6,4,88,1,33,0,6,105,10
3093,171,6,4,88,1,33,1,6,105,10
3106,171,6,4,88,1,33,0,6,105,
3107,171,6,4,88,1,33,1,6,105,
2544,174,6,4,88,1,34,0,6,105,10
3094,174,6,4,88,1,34,1,6,105,10
3108,174,6,4,88,1,34,0,6,105,
3109,174,6,4,88,1,34,1,6,105,
2445,153,4,40,251,1,11,0,,,
2550,216,4,40,251,1,11,0,6,105,0
2547,171,4,40,251,1,33,0,,,
2548,174,4,40,251,1,34,0,,,
2546,138,4,40,251,1,51,0,,,
3168,139,4,40,251,253,1,0,,,
3167,158,4,40,251,253,6,0,6,105,
3387,554,4,40,251,253,8,0,15,20,27315
2490,153,4,40,251,253,11,0,,,
2591,153,4,40,251,253,11,0,6,105,0
2592,153,4,40,251,253,11,0,6,105,2
2658,531,4,40,251,253,16,2,6,105,2
2659,426,4,40,251,253,20,0,6,105,0
3380,426,4,40,251,253,20,0,,,
2488,171,4,40,251,253,33,0,,,
2660,171,4,40,251,253,33,0,6,105,10
2489,174,4,40,251,253,34,0,,,
2726,174,4,40,251,253,34,0,6,105,10
3067,523,4,40,251,253,40,0,,,
2483,138,4,40,251,253,51,0,,,
2545,769,4,40,251,253,52,0,,,
2484,52,4,40,251,253,58,0,3,109,
2792,179,4,40,251,253,61,4,6,105,0
2496,44,4,40,251,253,65,0,,,
2793,655,4,40,251,253,67,0,6,105,0
2491,438,4,40,251,253,71,0,,,
3372,972,4,40,251,253,73,0,,,
3373,973,4,40,251,253,74,0,,,
3374,974,4,40,251,253,75,0,,,
2479,654,4,40,251,253,76,0,3,109,
2495,143,4,40,251,253,81,0,,,
2927,143,4,40,251,253,81,0,6,105,0
2502,314,4,40,251,253,111,4,,,
2501,316,4,40,251,253,112,4,,,
2928,317,4,40,251,253,115,0,6,105,0
2929,979,4,40,251,253,116,0,6,105,0
2497,318,4,40,251,253,117,4,,,
2499,88,4,40,251,253,121,4,,,
2500,89,4,40,251,253,122,4,,,
2930,559,4,40,251,253,160,0,6,105,0
3068,559,4,40,251,253,160,0,,,
2931,595,4,40,251,253,162,2,6,105,10
2932,596,4,40,251,253,163,2,6,105,10
2933,63,4,40,251,253,165,0,6,105,0
2481,692,4,40,251,253,181,0,3,109,
2493,179,4,40,251,253,181,4,,,
2494,324,4,40,251,253,181,0,,,
2482,767,4,40,251,253,184,0,3,109,
2492,510,4,40,251,253,184,4,,,
2934,276,4,40,251,253,186,0,8,200,0
3379,220,4,40,251,253,187,0,,,
2486,653,4,40,251,253,200,0,3,109,
2487,693,4,40,251,253,201,0,3,109,
2935,617,4,40,251,253,201,0,6,105,0
3001,617,4,40,251,253,201,0,8,200,0
3069,617,4,40,251,253,201,0,,,
3378,461,4,40,251,253,209,0,,,
683,412,50,45,74,2,1,0,,,
483,412,50,45,74,2,2,0,7,102,0
739,158,50,45,74,2,7,0,,,
507,421,50,45,74,2,8,0,,,
667,18,50,45,74,2,10,0,,,
643,154,50,45,74,2,11,0,,,
467,214,50,45,74,2,15,0,,,
771,215,50,45,74,2,16,0,,,
723,161,50,45,74,2,17,0,,,
587,426,50,45,74,2,20,0,,,
699,169,50,45,74,2,31,0,,,
619,166,50,45,74,2,32,0,,,
571,171,50,45,74,2,33,0,,,
715,174,50,45,74,2,34,0,,,
555,177,50,45,74,2,39,0,,,
603,523,50,45,74,2,40,0,,,
651,203,50,45,74,2,41,0,,,
499,138,50,45,74,2,51,0,,,
531,163,50,45,74,2,52,0,,,
475,506,50,45,74,2,61,0,,,
539,186,50,45,74,2,63,0,,,
747,510,50,45,74,2,65,0,,,
763,187,50,45,74,2,71,0,,,
635,654,50,45,74,2,76,0,,,
595,143,50,45,74,2,81,0,,,
611,499,50,45,74,2,112,0,,,
691,500,50,45,74,2,115,0,,,
523,502,50,45,74,2,117,0,,,
547,135,50,45,74,2,118,0,,,
579,504,50,45,74,2,142,0,,,
563,509,50,45,74,2,144,0,,,
659,63,50,45,74,2,156,0,,,
515,559,50,45,74,2,157,0,,,
675,642,50,45,74,2,186,0,,,
491,592,50,45,74,2,190,0,,,
755,220,50,45,74,2,191,0,,,
627,490,50,45,74,2,210,0,,,
707,2,50,45,74,2,218,0,,,
731,209,50,45,74,2,219,0,,,
2113,523,47,47,54,250,44,0,,,
2111,506,47,47,54,250,58,0,,,
2112,181,47,47,54,250,59,0,,,
776,153,49,49,74,3,1,0,,,
774,139,49,49,74,3,2,0,,,
773,215,49,49,74,3,3,0,,,
777,214,49,49,74,3,4,0,,,
775,158,49,49,74,3,5,0,,,
778,24,49,49,74,3,6,0,,,
679,412,53,96,7,2,1,0,,,
479,412,53,96,7,2,2,0,7,102,0
735,158,53,96,7,2,7,0,,,
503,421,53,96,7,2,8,0,,,
663,18,53,96,7,2,10,0,,,
639,154,53,96,7,2,11,0,,,
463,214,53,96,7,2,15,0,,,
767,215,53,96,7,2,16,0,,,
719,161,53,96,7,2,17,0,,,
583,426,53,96,7,2,20,0,,,
695,169,53,96,7,2,31,0,,,
615,166,53,96,7,2,32,0,,,
567,171,53,96,7,2,33,0,,,
711,174,53,96,7,2,34,0,,,
551,177,53,96,7,2,39,0,,,
599,523,53,96,7,2,40,0,,,
647,203,53,96,7,2,41,0,,,
495,138,53,96,7,2,51,0,,,
527,163,53,96,7,2,52,0,,,
471,506,53,96,7,2,61,0,,,
535,186,53,96,7,2,63,0,,,
743,510,53,96,7,2,65,0,,,
759,187,53,96,7,2,71,0,,,
631,654,53,96,7,2,76,0,,,
591,143,53,96,7,2,81,0,,,
607,499,53,96,7,2,112,0,,,
687,500,53,96,7,2,115,0,,,
519,502,53,96,7,2,117,0,,,
543,135,53,96,7,2,118,0,,,
575,504,53,96,7,2,142,0,,,
559,509,53,96,7,2,144,0,,,
655,63,53,96,7,2,156,0,,,
511,559,53,96,7,2,157,0,,,
671,642,53,96,7,2,186,0,,,
487,592,53,96,7,2,190,0,,,
751,220,53,96,7,2,191,0,,,
623,490,53,96,7,2,210,0,,,
703,2,53,96,7,2,218,0,,,
727,209,53,96,7,2,219,0,,,
1767,139,101,101,86,206,1,0,,,
1742,153,101,101,86,206,11,0,,,
1717,161,101,101,86,206,17,0,,,
1852,166,101,101,86,206,32,0,,,
1757,441,101,101,86,206,49,0,,,
1752,163,101,101,86,206,52,0,,,
1747,658,101,101,86,206,57,0,,,
1732,614,101,101,86,206,59,0,,,
1727,615,101,101,86,206,60,0,,,
2002,217,101,101,86,206,66,0,,,
1867,518,101,101,86,206,85,0,,,
1822,297,101,101,86,206,93,0,,,
1812,300,101,101,86,206,96,0,,,
1797,301,101,101,86,206,97,0,,,
1792,499,101,101,86,206,112,0,,,
1782,500,101,101,86,206,115,0,,,
1787,502,101,101,86,206,117,0,,,
1802,531,101,101,86,206,128,0,,,
1807,532,101,101,86,206,129,0,,,
1817,533,101,101,86,206,130,0,,,
1832,534,101,101,86,206,131,0,,,
1837,535,101,101,86,206,132,0,,,
1847,519,101,101,86,206,133,0,,,
1857,12,101,101,86,206,134,0,,,
1862,687,101,101,86,206,135,0,,,
1872,688,101,101,86,206,136,0,,,
1877,526,101,101,86,206,137,0,,,
1882,506,101,101,86,206,138,0,,,
1887,2,101,101,86,206,139,0,,,
1892,11,101,101,86,206,140,0,,,
1902,4,101,101,86,206,141,0,,,
1912,5,101,101,86,206,142,0,,,
1917,6,101,101,86,206,143,0,,,
1927,7,101,101,86,206,144,0,,,
1932,8,101,101,86,206,145,0,,,
1937,9,101,101,86,206,146,0,,,
1942,10,101,101,86,206,147,0,,,
1947,3,101,101,86,206,148,0,,,
1952,13,101,101,86,206,149,0,,,
1957,15,101,101,86,206,150,0,,,
1962,16,101,101,86,206,151,0,,,
1967,17,101,101,86,206,152,0,,,
1972,19,101,101,86,206,153,0,,,
1977,584,101,101,86,206,154,0,,,
1982,557,101,101,86,206,156,0,,,
1987,21,101,101,86,206,157,0,,,
1997,507,101,101,86,206,158,0,,,
1722,508,101,101,86,206,159,0,,,
1827,45,101,101,86,206,195,0,,,
1842,46,101,101,86,206,196,0,,,
1907,47,101,101,86,206,197,0,,,
1922,437,101,101,86,206,198,0,,,
1777,43,101,101,86,206,235,0,,,
1897,44,101,101,86,206,236,0,,,
1737,42,101,101,86,206,237,0,,,
1762,41,101,101,86,206,238,0,,,
1772,560,101,101,86,206,239,0,,,
1992,585,101,101,86,206,240,0,,,
1763,139,102,102,86,206,1,0,,,
1738,153,102,102,86,206,11,0,,,
1713,161,102,102,86,206,17,0,,,
1848,166,102,102,86,206,32,0,,,
1753,441,102,102,86,206,49,0,,,
1748,163,102,102,86,206,52,0,,,
1743,658,102,102,86,206,57,0,,,
1728,614,102,102,86,206,59,0,,,
1723,615,102,102,86,206,60,0,,,
1998,217,102,102,86,206,66,0,,,
1863,518,102,102,86,206,85,0,,,
1818,297,102,102,86,206,93,0,,,
1808,300,102,102,86,206,96,0,,,
1793,301,102,102,86,206,97,0,,,
1788,499,102,102,86,206,112,0,,,
1778,500,102,102,86,206,115,0,,,
1783,502,102,102,86,206,117,0,,,
1798,531,102,102,86,206,128,0,,,
1803,532,102,102,86,206,129,0,,,
1813,533,102,102,86,206,130,0,,,
1828,534,102,102,86,206,131,0,,,
1833,535,102,102,86,206,132,0,,,
1843,519,102,102,86,206,133,0,,,
1853,12,102,102,86,206,134,0,,,
1858,687,102,102,86,206,135,0,,,
1868,688,102,102,86,206,136,0,,,
1873,526,102,102,86,206,137,0,,,
1878,506,102,102,86,206,138,0,,,
1883,2,102,102,86,206,139,0,,,
1888,11,102,102,86,206,140,0,,,
1898,4,102,102,86,206,141,0,,,
1908,5,102,102,86,206,142,0,,,
1913,6,102,102,86,206,143,0,,,
1923,7,102,102,86,206,144,0,,,
1928,8,102,102,86,206,145,0,,,
1933,9,102,102,86,206,146,0,,,
1938,10,102,102,86,206,147,0,,,
1943,3,102,102,86,206,148,0,,,
1948,13,102,102,86,206,149,0,,,
1953,15,102,102,86,206,150,0,,,
1958,16,102,102,86,206,151,0,,,
1963,17,102,102,86,206,152,0,,,
1968,19,102,102,86,206,153,0,,,
1973,584,102,102,86,206,154,0,,,
1978,557,102,102,86,206,156,0,,,
1983,21,102,102,86,206,157,0,,,
1993,507,102,102,86,206,158,0,,,
1718,508,102,102,86,206,159,0,,,
1823,45,102,102,86,206,195,0,,,
1838,46,102,102,86,206,196,0,,,
1903,47,102,102,86,206,197,0,,,
1918,437,102,102,86,206,198,0,,,
1773,43,102,102,86,206,235,0,,,
1893,44,102,102,86,206,236,0,,,
1733,42,102,102,86,206,237,0,,,
1758,41,102,102,86,206,238,0,,,
1768,560,102,102,86,206,239,0,,,
1988,585,102,102,86,206,240,0,,,
682,412,103,103,86,2,1,0,,,
482,412,103,103,86,2,2,0,7,102,0
738,158,103,103,86,2,7,0,,,
506,421,103,103,86,2,8,0,,,
666,18,103,103,86,2,10,0,,,
642,154,103,103,86,2,11,0,,,
466,214,103,103,86,2,15,0,,,
770,215,103,103,86,2,16,0,,,
722,161,103,103,86,2,17,0,,,
586,426,103,103,86,2,20,0,,,
698,169,103,103,86,2,31,0,,,
618,166,103,103,86,2,32,0,,,
570,171,103,103,86,2,33,0,,,
714,174,103,103,86,2,34,0,,,
554,177,103,103,86,2,39,0,,,
602,523,103,103,86,2,40,0,,,
650,203,103,103,86,2,41,0,,,
498,138,103,103,86,2,51,0,,,
530,163,103,103,86,2,52,0,,,
474,506,103,103,86,2,61,0,,,
538,186,103,103,86,2,63,0,,,
746,510,103,103,86,2,65,0,,,
762,187,103,103,86,2,71,0,,,
634,654,103,103,86,2,76,0,,,
594,143,103,103,86,2,81,0,,,
610,499,103,103,86,2,112,0,,,
690,500,103,103,86,2,115,0,,,
522,502,103,103,86,2,117,0,,,
546,135,103,103,86,2,118,0,,,
578,504,103,103,86,2,142,0,,,
562,509,103,103,86,2,144,0,,,
658,63,103,103,86,2,156,0,,,
514,559,103,103,86,2,157,0,,,
674,642,103,103,86,2,186,0,,,
490,592,103,103,86,2,190,0,,,
754,220,103,103,86,2,191,0,,,
626,490,103,103,86,2,210,0,,,
706,2,103,103,86,2,218,0,,,
730,209,103,103,86,2,219,0,,,
1765,139,106,106,86,206,1,0,,,
1740,153,106,106,86,206,11,0,,,
1715,161,106,106,86,206,17,0,,,
1850,166,106,106,86,206,32,0,,,
1755,441,106,106,86,206,49,0,,,
1750,163,106,106,86,206,52,0,,,
1745,658,106,106,86,206,57,0,,,
1730,614,106,106,86,206,59,0,,,
1725,615,106,106,86,206,60,0,,,
2000,217,106,106,86,206,66,0,,,
1865,518,106,106,86,206,85,0,,,
1820,297,106,106,86,206,93,0,,,
1810,300,106,106,86,206,96,0,,,
1795,301,106,106,86,206,97,0,,,
1790,499,106,106,86,206,112,0,,,
1780,500,106,106,86,206,115,0,,,
1785,502,106,106,86,206,117,0,,,
1800,531,106,106,86,206,128,0,,,
1805,532,106,106,86,206,129,0,,,
1815,533,106,106,86,206,130,0,,,
1830,534,106,106,86,206,131,0,,,
1835,535,106,106,86,206,132,0,,,
1845,519,106,106,86,206,133,0,,,
1855,12,106,106,86,206,134,0,,,
1860,687,106,106,86,206,135,0,,,
1870,688,106,106,86,206,136,0,,,
1875,526,106,106,86,206,137,0,,,
1880,506,106,106,86,206,138,0,,,
1885,2,106,106,86,206,139,0,,,
1890,11,106,106,86,206,140,0,,,
1900,4,106,106,86,206,141,0,,,
1910,5,106,106,86,206,142,0,,,
1915,6,106,106,86,206,143,0,,,
1925,7,106,106,86,206,144,0,,,
1930,8,106,106,86,206,145,0,,,
1935,9,106,106,86,206,146,0,,,
1940,10,106,106,86,206,147,0,,,
1945,3,106,106,86,206,148,0,,,
1950,13,106,106,86,206,149,0,,,
1955,15,106,106,86,206,150,0,,,
1960,16,106,106,86,206,151,0,,,
1965,17,106,106,86,206,152,0,,,
1970,19,106,106,86,206,153,0,,,
1975,584,106,106,86,206,154,0,,,
1980,557,106,106,86,206,156,0,,,
1985,21,106,106,86,206,157,0,,,
1995,507,106,106,86,206,158,0,,,
1720,508,106,106,86,206,159,0,,,
1825,45,106,106,86,206,195,0,,,
1840,46,106,106,86,206,196,0,,,
1905,47,106,106,86,206,197,0,,,
1920,437,106,106,86,206,198,0,,,
1775,43,106,106,86,206,235,0,,,
1895,44,106,106,86,206,236,0,,,
1735,42,106,106,86,206,237,0,,,
1760,41,106,106,86,206,238,0,,,
1770,560,106,106,86,206,239,0,,,
1990,585,106,106,86,206,240,0,,,
677,139,107,107,86,2,1,0,,,
477,139,107,107,86,2,2,0,7,102,0
733,158,107,107,86,2,7,0,,,
501,421,107,107,86,2,8,0,,,
637,153,107,107,86,2,11,0,,,
717,162,107,107,86,2,17,0,,,
581,426,107,107,86,2,20,0,,,
565,171,107,107,86,2,33,0,,,
709,174,107,107,86,2,34,0,,,
525,163,107,107,86,2,52,0,,,
757,187,107,107,86,2,71,0,,,
589,143,107,107,86,2,81,0,,,
605,499,107,107,86,2,112,0,,,
3456,499,107,107,86,2,112,1,,,
3458,500,107,107,86,2,115,1,,,
3457,502,107,107,86,2,117,1,,,
541,135,107,107,86,2,118,0,,,
573,504,107,107,86,2,142,0,,,
3460,509,107,107,86,2,144,0,,,
653,63,107,107,86,2,156,0,,,
509,559,107,107,86,2,157,0,,,
669,642,107,107,86,2,186,0,,,
485,592,107,107,86,2,190,0,,,
749,220,107,107,86,2,191,0,,,
621,490,107,107,86,2,210,0,,,
701,2,107,107,86,2,218,0,,,
725,209,107,107,86,2,219,0,,,
681,139,109,109,86,2,1,0,,,
481,139,109,109,86,2,2,0,7,102,0
737,158,109,109,86,2,7,0,,,
505,421,109,109,86,2,8,0,,,
641,153,109,109,86,2,11,0,,,
721,162,109,109,86,2,17,0,,,
585,426,109,109,86,2,20,0,,,
569,171,109,109,86,2,33,0,,,
713,174,109,109,86,2,34,0,,,
529,163,109,109,86,2,52,0,,,
761,187,109,109,86,2,71,0,,,
593,143,109,109,86,2,81,0,,,
609,499,109,109,86,2,112,0,,,
545,135,109,109,86,2,118,0,,,
577,504,109,109,86,2,142,0,,,
3461,509,109,109,86,2,144,0,,,
657,63,109,109,86,2,156,0,,,
513,559,109,109,86,2,157,0,,,
673,642,109,109,86,2,186,0,,,
489,592,109,109,86,2,190,0,,,
753,220,109,109,86,2,191,0,,,
625,490,109,109,86,2,210,0,,,
705,2,109,109,86,2,218,0,,,
729,209,109,109,86,2,219,0,,,
884,447,133,112,98,140,229,10,,,
868,449,133,112,98,140,230,10,,,
882,452,133,112,98,140,231,0,,,
872,453,133,112,98,140,232,10,,,
878,29,133,112,98,140,233,0,,,
880,454,133,112,98,140,234,10,,,
874,456,133,112,98,140,235,0,,,
876,455,133,112,98,140,236,0,,,
870,469,133,112,98,140,237,10,,,
864,471,133,112,98,140,238,0,,,
866,470,133,112,98,140,239,0,,,
1764,139,116,116,86,206,1,0,,,
1739,153,116,116,86,206,11,0,,,
1714,161,116,116,86,206,17,0,,,
1849,166,116,116,86,206,32,0,,,
1754,441,116,116,86,206,49,0,,,
1749,163,116,116,86,206,52,0,,,
1744,658,116,116,86,206,57,0,,,
1729,614,116,116,86,206,59,0,,,
1724,615,116,116,86,206,60,0,,,
1999,217,116,116,86,206,66,0,,,
1864,518,116,116,86,206,85,0,,,
1819,297,116,116,86,206,93,0,,,
1809,300,116,116,86,206,96,0,,,
1794,301,116,116,86,206,97,0,,,
1789,499,116,116,86,206,112,0,,,
1779,500,116,116,86,206,115,0,,,
1784,502,116,116,86,206,117,0,,,
1799,531,116,116,86,206,128,0,,,
1804,532,116,116,86,206,129,0,,,
1814,533,116,116,86,206,130,0,,,
1829,534,116,116,86,206,131,0,,,
1834,535,116,116,86,206,132,0,,,
1844,519,116,116,86,206,133,0,,,
1854,12,116,116,86,206,134,0,,,
1859,687,116,116,86,206,135,0,,,
1869,688,116,116,86,206,136,0,,,
1874,526,116,116,86,206,137,0,,,
1879,506,116,116,86,206,138,0,,,
1884,2,116,116,86,206,139,0,,,
1889,11,116,116,86,206,140,0,,,
1899,4,116,116,86,206,141,0,,,
1909,5,116,116,86,206,142,0,,,
1914,6,116,116,86,206,143,0,,,
1924,7,116,116,86,206,144,0,,,
1929,8,116,116,86,206,145,0,,,
1934,9,116,116,86,206,146,0,,,
1939,10,116,116,86,206,147,0,,,
1944,3,116,116,86,206,148,0,,,
1949,13,116,116,86,206,149,0,,,
1954,15,116,116,86,206,150,0,,,
1959,16,116,116,86,206,151,0,,,
1964,17,116,116,86,206,152,0,,,
1969,19,116,116,86,206,153,0,,,
1974,584,116,116,86,206,154,0,,,
1979,557,116,116,86,206,156,0,,,
1984,21,116,116,86,206,157,0,,,
1994,507,116,116,86,206,158,0,,,
1719,508,116,116,86,206,159,0,,,
1824,45,116,116,86,206,195,0,,,
1839,46,116,116,86,206,196,0,,,
1904,47,116,116,86,206,197,0,,,
1919,437,116,116,86,206,198,0,,,
1774,43,116,116,86,206,235,0,,,
1894,44,116,116,86,206,236,0,,,
1734,42,116,116,86,206,237,0,,,
1759,41,116,116,86,206,238,0,,,
1769,560,116,116,86,206,239,0,,,
1989,585,116,116,86,206,240,0,,,
1766,139,117,117,86,206,1,0,,,
1741,153,117,117,86,206,11,0,,,
1716,161,117,117,86,206,17,0,,,
1851,166,117,117,86,206,32,0,,,
1756,441,117,117,86,206,49,0,,,
1751,163,117,117,86,206,52,0,,,
1746,658,117,117,86,206,57,0,,,
1731,614,117,117,86,206,59,0,,,
1726,615,117,117,86,206,60,0,,,
2001,217,117,117,86,206,66,0,,,
1866,518,117,117,86,206,85,0,,,
1821,297,117,117,86,206,93,0,,,
1811,300,117,117,86,206,96,0,,,
1796,301,117,117,86,206,97,0,,,
1791,499,117,117,86,206,112,0,,,
1781,500,117,117,86,206,115,0,,,
1786,502,117,117,86,206,117,0,,,
1801,531,117,117,86,206,128,0,,,
1806,532,117,117,86,206,129,0,,,
1816,533,117,117,86,206,130,0,,,
1831,534,117,117,86,206,131,0,,,
1836,535,117,117,86,206,132,0,,,
1846,519,117,117,86,206,133,0,,,
1856,12,117,117,86,206,134,0,,,
1861,687,117,117,86,206,135,0,,,
1871,688,117,117,86,206,136,0,,,
1876,526,117,117,86,206,137,0,,,
1881,506,117,117,86,206,138,0,,,
1886,2,117,117,86,206,139,0,,,
1891,11,117,117,86,206,140,0,,,
1901,4,117,117,86,206,141,0,,,
1911,5,117,117,86,206,142,0,,,
1916,6,117,117,86,206,143,0,,,
1926,7,117,117,86,206,144,0,,,
1931,8,117,117,86,206,145,0,,,
1936,9,117,117,86,206,146,0,,,
1941,10,117,117,86,206,147,0,,,
1946,3,117,117,86,206,148,0,,,
1951,13,117,117,86,206,149,0,,,
1956,15,117,117,86,206,150,0,,,
1961,16,117,117,86,206,151,0,,,
1966,17,117,117,86,206,152,0,,,
1971,19,117,117,86,206,153,0,,,
1976,584,117,117,86,206,154,0,,,
1981,557,117,117,86,206,156,0,,,
1986,21,117,117,86,206,157,0,,,
1996,507,117,117,86,206,158,0,,,
1721,508,117,117,86,206,159,0,,,
1826,45,117,117,86,206,195,0,,,
1841,46,117,117,86,206,196,0,,,
1906,47,117,117,86,206,197,0,,,
1921,437,117,117,86,206,198,0,,,
1776,43,117,117,86,206,235,0,,,
1896,44,117,117,86,206,236,0,,,
1736,42,117,117,86,206,237,0,,,
1761,41,117,117,86,206,238,0,,,
1771,560,117,117,86,206,239,0,,,
1991,585,117,117,86,206,240,0,,,
680,412,118,118,86,2,1,0,,,
480,412,118,118,86,2,2,0,7,102,0
736,158,118,118,86,2,7,0,,,
504,421,118,118,86,2,8,0,,,
664,18,118,118,86,2,10,0,,,
640,154,118,118,86,2,11,0,,,
464,214,118,118,86,2,15,0,,,
768,215,118,118,86,2,16,0,,,
720,161,118,118,86,2,17,0,,,
584,426,118,118,86,2,20,0,,,
696,169,118,118,86,2,31,0,,,
616,166,118,118,86,2,32,0,,,
568,171,118,118,86,2,33,0,,,
712,174,118,118,86,2,34,0,,,
552,177,118,118,86,2,39,0,,,
600,523,118,118,86,2,40,0,,,
648,203,118,118,86,2,41,0,,,
496,138,118,118,86,2,51,0,,,
528,163,118,118,86,2,52,0,,,
472,506,118,118,86,2,61,0,,,
536,186,118,118,86,2,63,0,,,
744,510,118,118,86,2,65,0,,,
760,187,118,118,86,2,71,0,,,
632,654,118,118,86,2,76,0,,,
592,143,118,118,86,2,81,0,,,
608,499,118,118,86,2,112,0,,,
688,500,118,118,86,2,115,0,,,
520,502,118,118,86,2,117,0,,,
544,135,118,118,86,2,118,0,,,
576,504,118,118,86,2,142,0,,,
560,509,118,118,86,2,144,0,,,
656,63,118,118,86,2,156,0,,,
512,559,118,118,86,2,157,0,,,
672,642,118,118,86,2,186,0,,,
488,592,118,118,86,2,190,0,,,
752,220,118,118,86,2,191,0,,,
624,490,118,118,86,2,210,0,,,
704,2,118,118,86,2,218,0,,,
728,209,118,118,86,2,219,0,,,
2067,36,119,119,86,207,11,0,,,
2087,37,119,119,86,207,12,0,,,
2039,38,119,119,86,207,13,0,,,
2025,225,119,119,86,207,14,0,,,
2107,226,119,119,86,207,15,0,,,
2045,685,119,119,86,207,21,0,,,
2057,686,119,119,86,207,22,0,,,
2089,227,119,119,86,207,23,0,,,
2017,228,119,119,86,207,24,0,,,
2011,229,119,119,86,207,25,0,,,
2073,230,119,119,86,207,26,0,,,
2003,257,119,119,86,207,31,0,,,
2071,258,119,119,86,207,32,0,,,
2103,259,119,119,86,207,33,0,,,
2085,260,119,119,86,207,34,0,,,
2013,302,119,119,86,207,35,0,,,
2093,231,119,119,86,207,41,0,,,
2075,232,119,119,86,207,42,0,,,
2065,233,119,119,86,207,43,0,,,
2053,234,119,119,86,207,51,0,,,
2043,235,119,119,86,207,52,0,,,
2033,236,119,119,86,207,53,0,,,
2029,237,119,119,86,207,54,0,,,
2055,681,119,119,86,207,61,0,,,
2037,682,119,119,86,207,62,0,,,
2091,683,119,119,86,207,63,0,,,
2109,684,119,119,86,207,64,0,,,
2041,255,119,119,86,207,65,0,,,
2077,256,119,119,86,207,66,0,,,
2015,261,119,119,86,207,67,0,,,
2059,238,119,119,86,207,71,0,,,
2083,239,119,119,86,207,72,0,,,
2063,240,119,119,86,207,73,0,,,
2027,241,119,119,86,207,74,0,,,
2031,242,119,119,86,207,75,0,,,
2101,263,119,119,86,207,76,0,,,
2047,264,119,119,86,207,77,0,,,
2023,265,119,119,86,207,78,0,,,
2021,266,119,119,86,207,79,0,,,
2007,267,119,119,86,207,80,0,,,
2005,243,119,119,86,207,81,0,,,
2009,244,119,119,86,207,82,0,,,
2105,245,119,119,86,207,83,0,,,
2095,246,119,119,86,207,84,0,,,
2081,247,119,119,86,207,85,0,,,
2079,248,119,119,86,207,86,0,,,
2069,262,119,119,86,207,87,0,,,
2051,76,119,119,86,207,88,0,,,
2049,249,119,119,86,207,91,0,,,
2035,250,119,119,86,207,92,0,,,
2019,251,119,119,86,207,93,0,,,
2099,252,119,119,86,207,94,0,,,
2097,253,119,119,86,207,95,0,,,
2061,254,119,119,86,207,96,0,,,
3390,148,130,128,98,128,31,0,,,
2430,431,130,128,98,128,34,0,1,1,0
2440,598,130,128,98,128,39,0,,,
3395,411,130,128,98,128,49,2,,,
3396,559,130,128,98,128,59,0,,,
3388,158,130,128,98,128,129,0,,,
3292,153,130,128,98,128,130,0,,,
3293,171,130,128,98,128,131,0,,,
3294,174,130,128,98,128,132,0,,,
3295,138,130,128,98,128,133,0,,,
2428,48,130,128,98,128,134,0,1,1,0
3394,702,130,128,98,128,136,0,,,
2288,153,130,128,98,128,139,0,,,
2422,217,130,128,98,128,141,0,1,1,0
2437,184,130,128,98,128,142,0,1,1,0
2438,186,130,128,98,128,143,0,1,1,0
3391,193,130,128,98,128,144,0,,,
2429,89,130,128,98,128,146,0,1,1,0
2427,88,130,128,98,128,147,0,1,1,0
2421,139,130,128,98,128,151,0,1,1,0
3385,195,130,128,98,128,156,0,,,
2425,655,130,128,98,128,159,0,1,1,0
2424,438,130,128,98,128,164,0,1,1,0
2417,171,130,128,98,128,165,0,1,1,0
2418,174,130,128,98,128,166,0,1,1,0
2419,153,130,128,98,128,167,0,1,1,0
2420,162,130,128,98,128,168,0,1,1,0
2436,318,130,128,98,128,169,0,1,1,0
2439,143,130,128,98,128,172,0,1,1,0
2435,500,130,128,98,128,175,0,1,1,0
2434,499,130,128,98,128,177,0,1,1,0
2432,697,130,128,98,128,180,0,1,1,0
2433,698,130,128,98,128,181,0,1,1,0
3392,214,130,128,98,128,201,2,,,
3393,215,130,128,98,128,202,2,,,
3397,179,130,128,98,128,228,0,,,
2423,218,130,128,98,128,235,0,1,1,0
2426,616,130,128,98,128,243,0,1,1,0
3298,146,130,128,98,128,244,0,,,
3299,775,130,128,98,128,245,0,,,
3296,654,130,128,98,128,246,0,,,
3300,52,130,128,98,128,247,0,,,
3297,438,130,128,98,128,248,0,,,
3088,771,135,139,98,128,139,0,,,
3097,771,135,139,98,128,139,10,,,
3315,217,135,139,98,128,141,0,,,
3316,217,135,139,98,128,141,10,,,
3092,153,135,139,98,128,167,0,,,
3096,153,135,139,98,128,167,10,,,
3089,771,135,139,98,128,170,0,,,
3098,771,135,139,98,128,170,10,,,
3110,143,135,139,98,128,172,1,,,
3090,771,135,139,98,128,183,0,,,
3099,771,135,139,98,128,183,10,,,
3408,179,135,139,98,128,228,0,,,
3091,771,135,139,98,128,236,0,,,
3100,771,135,139,98,128,236,10,,,
3303,773,135,139,98,128,250,0,,,
3304,772,135,139,98,128,251,0,,,
2285,426,131,147,98,3,20,0,,,
836,677,131,147,98,128,22,0,,,
838,678,131,147,98,128,23,0,,,
839,679,131,147,98,128,24,0,,,
841,680,131,147,98,128,25,0,,,
781,148,131,147,98,128,31,0,,,
786,431,131,147,98,128,34,0,,,
788,598,131,147,98,128,39,0,,,
797,411,131,147,98,128,49,2,,,
2295,411,134,147,98,128,49,2,1,1,0
817,597,131,147,98,128,58,0,,,
822,559,131,147,98,128,59,0,,,
2293,559,134,147,98,128,59,10,1,1,0
2297,559,134,147,98,128,59,0,1,1,0
825,681,131,147,98,128,60,0,,,
828,682,131,147,98,128,61,0,,,
830,683,131,147,98,128,62,0,,,
832,684,131,147,98,128,63,0,,,
785,685,131,147,98,128,68,0,,,
787,686,131,147,98,128,69,0,,,
789,36,131,147,98,128,70,0,,,
799,37,131,147,98,128,71,0,,,
812,38,131,147,98,128,72,0,,,
2184,63,131,147,98,128,90,0,,,
2355,411,134,147,98,128,123,2,,,
779,158,131,147,98,128,129,0,,,
824,153,131,147,98,128,130,0,,,
821,171,131,147,98,128,131,0,,,
819,174,131,147,98,128,132,0,,,
816,138,131,147,98,128,133,0,,,
780,48,131,147,98,128,134,0,,,
813,177,131,147,98,128,135,0,,,
2229,702,131,147,98,128,136,0,,,
811,49,131,147,98,128,137,0,,,
808,216,131,147,98,128,139,0,,,
805,217,131,147,98,128,141,0,,,
834,184,131,147,98,128,142,0,,,
826,186,131,147,98,128,143,0,,,
842,510,131,147,98,128,144,0,,,
2296,510,134,147,98,128,144,10,1,1,0
2298,510,134,147,98,128,144,0,1,1,0
833,89,131,147,98,128,146,0,,,
829,88,131,147,98,128,147,0,,,
820,618,131,147,98,128,148,0,,,
807,139,131,147,98,128,151,0,,,
3101,139,134,147,98,128,151,10,1,1,0
3154,139,134,147,98,128,151,0,,,
806,194,131,147,98,128,152,0,,,
784,195,131,147,98,128,156,0,,,
783,163,131,147,98,128,157,0,,,
782,655,131,147,98,128,159,0,,,
827,438,131,147,98,128,164,0,,,
2193,438,131,147,98,128,164,10,,,
2291,438,134,147,98,128,164,10,1,1,0
2299,438,134,147,98,128,164,0,1,1,0
823,171,131,147,98,128,165,0,1,1,0
2289,171,134,147,98,128,165,10,1,1,0
2300,171,134,147,98,128,165,0,1,1,0
815,174,131,147,98,128,166,0,1,1,0
2290,174,134,147,98,128,166,10,1,1,0
2301,174,134,147,98,128,166,0,1,1,0
814,153,131,147,98,128,167,0,1,1,0
2294,153,134,147,98,128,167,10,1,1,0
2302,153,134,147,98,128,167,0,1,1,0
809,162,131,147,98,128,168,0,,,
3426,162,134,147,98,128,168,0,,,
3427,162,134,147,98,128,168,10,,,
804,318,131,147,98,128,169,0,,,
3305,771,131,147,98,128,170,0,,,
803,143,131,147,98,128,172,0,,,
802,146,131,147,98,128,173,0,,,
801,137,131,147,98,128,174,0,,,
800,317,131,147,98,128,175,0,,,
798,314,131,147,98,128,176,0,,,
796,316,131,147,98,128,177,0,,,
794,320,131,147,98,128,179,0,,,
2222,697,131,147,98,128,180,0,,,
2223,698,131,147,98,128,181,0,,,
793,658,131,147,98,128,182,0,,,
3306,771,131,147,98,128,183,0,,,
792,196,131,147,98,128,186,0,,,
791,197,131,147,98,128,187,0,,,
790,198,131,147,98,128,188,0,,,
840,689,131,147,98,128,201,0,,,
837,1,131,147,98,128,202,0,,,
835,18,131,147,98,128,206,0,,,
3400,179,134,147,98,128,228,0,1,1,0
3401,179,131,147,98,128,228,0,1,1,0
795,218,131,147,98,128,235,0,,,
3307,771,131,147,98,128,236,0,,,
818,616,131,147,98,128,243,0,,,
810,654,131,147,98,128,246,0,,,
3383,977,131,147,98,132,167,3,,,
2183,63,131,147,98,228,1,0,,,
2287,73,131,147,98,228,1,0,,,
2230,132,131,147,98,228,3,0,,,
2284,132,131,147,98,228,3,0,,,
3425,411,134,147,98,228,28,2,,,
2231,703,131,147,98,228,29,0,,,
2286,703,131,147,98,228,29,0,,,
1686,432,152,152,86,205,1,0,,,
1708,24,152,152,86,205,2,0,,,
1690,25,152,152,86,205,3,0,,,
1696,26,152,152,86,205,4,0,,,
1700,27,152,152,86,205,5,0,,,
1702,28,152,152,86,205,6,0,,,
1704,278,152,152,86,205,7,0,,,
1706,279,152,152,86,205,8,0,,,
1710,312,152,152,86,205,9,0,,,
1688,307,152,152,86,205,10,0,,,
1692,280,152,152,86,205,11,0,,,
1712,306,152,152,86,205,12,0,,,
1694,309,152,152,86,205,13,0,,,
1698,308,152,152,86,205,14,0,,,
684,412,51,160,78,2,1,0,,,
484,412,51,160,78,2,2,0,7,102,0
740,158,51,160,78,2,7,0,,,
508,421,51,160,78,2,8,0,,,
668,18,51,160,78,2,10,0,,,
644,154,51,160,78,2,11,0,,,
468,214,51,160,78,2,15,0,,,
772,215,51,160,78,2,16,0,,,
724,161,51,160,78,2,17,0,,,
588,426,51,160,78,2,20,0,,,
700,169,51,160,78,2,31,0,,,
620,166,51,160,78,2,32,0,,,
572,171,51,160,78,2,33,0,,,
716,174,51,160,78,2,34,0,,,
556,177,51,160,78,2,39,0,,,
604,523,51,160,78,2,40,0,,,
652,203,51,160,78,2,41,0,,,
500,138,51,160,78,2,51,0,,,
532,163,51,160,78,2,52,0,,,
476,506,51,160,78,2,61,0,,,
540,186,51,160,78,2,63,0,,,
748,510,51,160,78,2,65,0,,,
764,187,51,160,78,2,71,0,,,
636,654,51,160,78,2,76,0,,,
596,143,51,160,78,2,81,0,,,
612,499,51,160,78,2,112,0,,,
692,500,51,160,78,2,115,0,,,
524,502,51,160,78,2,117,0,,,
548,135,51,160,78,2,118,0,,,
580,504,51,160,78,2,142,0,,,
564,509,51,160,78,2,144,0,,,
660,63,51,160,78,2,156,0,,,
516,559,51,160,78,2,157,0,,,
676,642,51,160,78,2,186,0,,,
492,592,51,160,78,2,190,0,,,
756,220,51,160,78,2,191,0,,,
628,490,51,160,78,2,210,0,,,
708,2,51,160,78,2,218,0,,,
732,209,51,160,78,2,219,0,,,
858,139,160,160,82,129,1,0,,,
845,153,160,160,82,129,11,0,,,
859,581,160,160,82,129,12,0,,,
849,214,160,160,82,129,15,0,,,
856,215,160,160,82,129,16,0,,,
848,426,160,160,82,129,20,0,,,
861,411,160,160,82,129,32,0,,,
852,171,160,160,82,129,33,0,,,
853,174,160,160,82,129,34,0,,,
860,163,160,160,82,129,52,0,,,
862,438,160,160,82,129,71,0,,,
851,209,160,160,82,129,78,0,,,
846,11,160,160,82,129,145,0,,,
854,2,160,160,82,129,146,0,,,
847,181,160,160,82,129,161,0,,,
844,182,160,160,82,129,162,0,,,
850,437,160,160,82,129,164,0,,,
857,504,160,160,82,129,165,0,,,
843,506,160,160,82,129,167,0,,,
3409,139,34,201,34,200,1,0,,,
3156,169,260,204,86,203,20,0,,,
3155,166,260,204,86,203,21,0,,,
3381,500,260,204,86,203,95,0,,,
3382,590,260,204,86,203,212,0,,,
3220,166,260,204,86,207,2,0,,,
3205,181,260,204,86,207,3,0,,,
3207,764,260,204,86,207,5,0,,,
3384,978,260,204,86,207,10,0,,,
3169,36,260,204,86,207,11,0,,,
3170,37,260,204,86,207,12,0,,,
3171,38,260,204,86,207,13,0,,,
3172,225,260,204,86,207,14,0,,,
3173,226,260,204,86,207,15,0,,,
3102,685,260,204,86,207,21,0,,,
3195,685,260,204,86,207,21,0,,,
3103,686,260,204,86,207,22,0,,,
3196,686,260,204,86,207,22,0,,,
3174,227,260,204,86,207,23,0,,,
3197,227,260,204,86,207,23,0,,,
3175,228,260,204,86,207,24,0,,,
3198,228,260,204,86,207,24,0,,,
3176,229,260,204,86,207,25,0,,,
3199,229,260,204,86,207,25,0,,,
3177,230,260,204,86,207,26,0,,,
3200,230,260,204,86,207,26,0,,,
3191,257,260,204,86,207,31,0,,,
3192,258,260,204,86,207,32,0,,,
3193,259,260,204,86,207,33,0,,,
3194,260,260,204,86,207,34,0,,,
3190,302,260,204,86,207,35,0,,,
3214,231,260,204,86,207,41,0,,,
3215,232,260,204,86,207,42,0,,,
3216,233,260,204,86,207,43,0,,,
3201,234,260,204,86,207,51,0,,,
3202,235,260,204,86,207,52,0,,,
3203,236,260,204,86,207,53,0,,,
3204,237,260,204,86,207,54,0,,,
3178,681,260,204,86,207,61,0,,,
3179,682,260,204,86,207,62,0,,,
3180,683,260,204,86,207,63,0,,,
3181,684,260,204,86,207,64,0,,,
3182,255,260,204,86,207,65,0,,,
3183,256,260,204,86,207,66,0,,,
3184,243,260,204,86,207,81,0,,,
3185,244,260,204,86,207,82,0,,,
3186,245,260,204,86,207,83,0,,,
3187,246,260,204,86,207,84,0,,,
3188,246,260,204,86,207,85,0,,,
3189,247,260,204,86,207,86,0,,,
3416,984,260,204,86,207,134,0,,,
3415,983,260,204,86,207,135,0,,,
3414,982,260,204,86,207,136,0,,,
3413,981,260,204,86,207,137,0,,,
3412,980,260,204,86,207,138,0,,,
3377,976,260,204,86,207,139,0,,,
3376,975,260,204,86,207,162,0,,,
3277,334,260,204,86,207,173,0,,,
3279,335,260,204,86,207,174,0,,,
3281,336,260,204,86,207,175,0,,,
3283,337,260,204,86,207,176,0,,,
3285,338,260,204,86,207,177,0,,,
3287,339,260,204,86,207,178,0,,,
3289,340,260,204,86,207,179,0,,,
3221,368,260,204,86,207,180,0,,,
3223,367,260,204,86,207,181,0,,,
3225,366,260,204,86,207,182,0,,,
3227,365,260,204,86,207,183,0,,,
3229,364,260,204,86,207,184,0,,,
3231,363,260,204,86,207,185,0,,,
3233,362,260,204,86,207,186,0,,,
3235,347,260,204,86,207,187,0,,,
3237,346,260,204,86,207,188,0,,,
3239,345,260,204,86,207,189,0,,,
3241,344,260,204,86,207,190,0,,,
3243,343,260,204,86,207,191,0,,,
3245,342,260,204,86,207,192,0,,,
3247,341,260,204,86,207,193,0,,,
3249,361,260,204,86,207,201,0,,,
3251,360,260,204,86,207,202,0,,,
3253,359,260,204,86,207,203,0,,,
3255,358,260,204,86,207,204,0,,,
3257,357,260,204,86,207,205,0,,,
3259,356,260,204,86,207,206,0,,,
3261,355,260,204,86,207,207,0,,,
3263,354,260,204,86,207,208,0,,,
3265,353,260,204,86,207,209,0,,,
3267,352,260,204,86,207,210,0,,,
3269,351,260,204,86,207,211,0,,,
3271,350,260,204,86,207,212,0,,,
3273,349,260,204,86,207,213,0,,,
3275,348,260,204,86,207,214,0,,,
3309,782,260,204,86,207,215,0,,,
3310,783,260,204,86,207,216,0,,,
3311,784,260,204,86,207,217,0,,,
3312,785,260,204,86,207,218,0,,,
3313,786,260,204,86,207,219,0,,,
3314,787,260,204,86,207,220,0,,,
3317,804,260,204,86,207,221,0,,,
3318,962,260,204,86,207,222,0,,,
3319,963,260,204,86,207,223,0,,,
3320,809,260,204,86,207,224,0,,,
3321,964,260,204,86,207,225,0,,,
3322,965,260,204,86,207,226,0,,,
3323,814,260,204,86,207,227,0,,,
3326,969,260,204,86,207,229,0,,,
3327,968,260,204,86,207,230,0,,,
3328,900,260,204,86,207,231,0,,,
3329,967,260,204,86,207,232,0,,,
3330,966,260,204,86,207,233,0,,,
3331,895,260,204,86,207,234,0,,,
3209,166,206,206,86,207,2,0,,,
3210,166,206,206,86,207,2,10,,,
3217,166,206,206,86,207,2,0,,,
3218,166,206,206,86,207,2,10,,,
3111,181,206,206,86,207,3,0,,,
3112,181,206,206,86,207,3,10,,,
3157,764,206,206,86,207,5,0,,,
3158,764,206,206,86,207,5,10,,,
3113,182,206,206,86,207,8,0,,,
3114,182,206,206,86,207,8,10,,,
2551,36,206,206,86,207,11,0,,,
2552,37,206,206,86,207,12,0,,,
2553,38,206,206,86,207,13,0,,,
2554,225,206,206,86,207,14,0,,,
2555,226,206,206,86,207,15,0,,,
2556,685,206,206,86,207,21,0,,,
2557,686,206,206,86,207,22,0,,,
2558,227,206,206,86,207,23,0,,,
2559,228,206,206,86,207,24,0,,,
2560,229,206,206,86,207,25,0,,,
2561,230,206,206,86,207,26,0,,,
3136,257,206,206,86,207,31,0,,,
3137,258,206,206,86,207,32,0,,,
3138,259,206,206,86,207,33,0,,,
3139,260,206,206,86,207,34,0,,,
3135,302,206,206,86,207,35,0,,,
3211,231,206,206,86,207,41,0,,,
3212,232,206,206,86,207,42,0,,,
3213,233,206,206,86,207,43,0,,,
3115,681,206,206,86,207,61,0,,,
3116,682,206,206,86,207,62,0,,,
3117,683,206,206,86,207,63,0,,,
3118,684,206,206,86,207,64,0,,,
3119,255,206,206,86,207,65,0,,,
3120,256,206,206,86,207,66,0,,,
3159,261,206,206,86,207,67,0,,,
3161,243,206,206,86,207,81,0,,,
3162,244,206,206,86,207,82,0,,,
3163,245,206,206,86,207,83,0,,,
3164,246,206,206,86,207,84,0,,,
3165,247,206,206,86,207,85,0,,,
3166,248,206,206,86,207,86,0,,,
3160,262,206,206,86,207,87,0,,,
3422,984,206,206,86,207,168,0,,,
3421,983,206,206,86,207,169,0,,,
3420,982,206,206,86,207,170,0,,,
3419,981,206,206,86,207,171,0,,,
3418,980,206,206,86,207,172,0,,,
3140,334,206,206,86,207,173,0,,,
3141,334,206,206,86,207,173,10,,,
3142,335,206,206,86,207,174,0,,,
3143,335,206,206,86,207,174,10,,,
3144,336,206,206,86,207,175,0,,,
3145,336,206,206,86,207,175,10,,,
3146,337,206,206,86,207,176,0,,,
3147,337,206,206,86,207,176,10,,,
3148,338,206,206,86,207,177,0,,,
3149,338,206,206,86,207,177,10,,,
3150,339,206,206,86,207,178,0,,,
3151,339,206,206,86,207,178,10,,,
3152,340,206,206,86,207,179,0,,,
3153,340,206,206,86,207,179,10,,,
2588,368,206,206,86,207,180,0,,,
2589,368,206,206,86,207,180,10,,,
2586,367,206,206,86,207,181,0,,,
2587,367,206,206,86,207,181,10,,,
2584,366,206,206,86,207,182,0,,,
2585,366,206,206,86,207,182,10,,,
2582,365,206,206,86,207,183,0,,,
2583,365,206,206,86,207,183,10,,,
2580,364,206,206,86,207,184,0,,,
2581,364,206,206,86,207,184,10,,,
2578,363,206,206,86,207,185,0,,,
2579,363,206,206,86,207,185,10,,,
2576,362,206,206,86,207,186,0,,,
2577,362,206,206,86,207,186,10,,,
3121,347,206,206,86,207,187,0,,,
3122,347,206,206,86,207,187,10,,,
3123,346,206,206,86,207,188,0,,,
3124,346,206,206,86,207,188,10,,,
3125,345,206,206,86,207,189,0,,,
3126,345,206,206,86,207,189,10,,,
3127,344,206,206,86,207,190,0,,,
3128,344,206,206,86,207,190,10,,,
3129,343,206,206,86,207,191,0,,,
3130,343,206,206,86,207,191,10,,,
3131,342,206,206,86,207,192,0,,,
3132,342,206,206,86,207,192,10,,,
3133,341,206,206,86,207,193,0,,,
3134,341,206,206,86,207,193,10,,,
2574,361,206,206,86,207,201,0,,,
2575,361,206,206,86,207,201,10,,,
2572,360,206,206,86,207,202,0,,,
2573,360,206,206,86,207,202,10,,,
2570,359,206,206,86,207,203,0,,,
2571,359,206,206,86,207,203,10,,,
2568,358,206,206,86,207,204,0,,,
2569,358,206,206,86,207,204,10,,,
2566,357,206,206,86,207,205,0,,,
2567,357,206,206,86,207,205,10,,,
2564,356,206,206,86,207,206,0,,,
2565,356,206,206,86,207,206,10,,,
2562,355,206,206,86,207,207,0,,,
2563,355,206,206,86,207,207,10,,,
3346,895,206,206,86,207,208,0,,,
3347,966,206,206,86,207,209,0,,,
3348,967,206,206,86,207,210,0,,,
3349,900,206,206,86,207,211,0,,,
3350,968,206,206,86,207,212,0,,,
3351,969,206,206,86,207,213,0,,,
3352,905,206,206,86,207,214,0,,,
890,412,210,210,86,203,1,0,,,
894,158,210,210,86,203,2,0,,,
898,421,210,210,86,203,3,0,,,
902,154,210,210,86,203,4,0,,,
906,313,210,210,86,203,8,0,,,
910,159,210,210,86,203,9,0,,,
914,161,210,210,86,203,10,0,,,
918,138,210,210,86,203,12,0,,,
922,163,210,210,86,203,13,0,,,
926,164,210,210,86,203,15,0,,,
930,204,210,210,86,203,18,0,,,
934,503,210,210,86,203,19,0,,,
938,169,210,210,86,203,20,0,,,
942,166,210,210,86,203,21,0,,,
946,442,210,210,86,203,22,0,,,
950,171,210,210,86,203,23,0,,,
954,174,210,210,86,203,24,0,,,
958,411,210,210,86,203,27,0,,,
962,606,210,210,86,203,28,0,,,
966,202,210,210,86,203,31,0,,,
970,425,210,210,86,203,38,0,,,
978,177,210,210,86,203,40,0,,,
982,175,210,210,86,203,43,0,,,
986,523,210,210,86,203,44,0,,,
3444,219,210,210,86,203,46,0,,,
990,661,210,210,86,203,47,0,,,
994,178,210,210,86,203,50,0,,,
998,217,210,210,86,203,51,0,,,
1002,439,210,210,86,203,52,0,,,
1006,440,210,210,86,203,53,0,,,
1010,181,210,210,86,203,54,0,,,
1014,182,210,210,86,203,55,0,,,
1018,504,210,210,86,203,56,0,,,
1022,505,210,210,86,203,57,0,,,
1026,506,210,210,86,203,58,0,,,
1030,2,210,210,86,203,59,0,,,
1034,443,210,210,86,203,60,0,,,
1038,183,210,210,86,203,62,0,,,
1042,185,210,210,86,203,63,0,,,
1046,510,210,210,86,203,68,0,,,
1050,499,210,210,86,203,69,0,,,
1054,554,210,210,86,203,70,0,,,
1058,441,210,210,86,203,71,0,,,
1062,201,210,210,86,203,72,0,,,
1066,200,210,210,86,203,73,0,,,
1070,194,210,210,86,203,74,0,,,
1074,216,210,210,86,203,75,0,,,
1078,14,210,210,86,203,77,0,,,
1082,654,210,210,86,203,78,0,,,
1086,187,210,210,86,203,79,0,,,
1090,188,210,210,86,203,80,0,,,
1094,137,210,210,86,203,89,0,,,
1098,189,210,210,86,203,91,0,,,
1102,500,210,210,86,203,95,0,,,
1106,502,210,210,86,203,96,0,,,
3453,774,210,210,86,203,97,0,,,
1110,143,210,210,86,203,99,0,,,
1114,148,210,210,86,203,100,0,,,
1118,369,210,210,86,203,101,0,,,
1122,405,210,210,86,203,102,0,,,
1126,642,210,210,86,203,103,0,,,
1130,52,210,210,86,203,104,0,,,
1134,583,210,210,86,203,105,0,,,
1138,221,210,210,86,203,106,0,,,
1142,222,210,210,86,203,107,0,,,
1146,223,210,210,86,203,108,0,,,
1150,224,210,210,86,203,109,0,,,
1154,509,210,210,86,203,110,0,,,
1158,665,210,210,86,203,111,0,,,
1162,666,210,210,86,203,112,0,,,
1166,667,210,210,86,203,113,0,,,
1170,668,210,210,86,203,114,0,,,
1174,669,210,210,86,203,115,0,,,
1178,670,210,210,86,203,116,0,,,
1182,671,210,210,86,203,117,0,,,
1186,672,210,210,86,203,118,0,,,
1190,673,210,210,86,203,119,0,,,
1194,674,210,210,86,203,120,0,,,
1198,675,210,210,86,203,121,0,,,
1202,676,210,210,86,203,122,0,,,
2182,695,210,210,86,203,125,0,,,
3455,695,210,210,86,203,125,0,,,
1206,39,210,210,86,203,126,0,,,
3445,694,210,210,86,203,127,0,,,
1210,498,210,210,86,203,128,0,,,
1214,329,210,210,86,203,129,0,,,
1218,370,210,210,86,203,130,0,,,
1222,677,210,210,86,203,131,0,,,
1226,678,210,210,86,203,132,0,,,
1230,679,210,210,86,203,133,0,,,
1234,680,210,210,86,203,134,0,,,
3447,719,210,210,86,203,137,0,,,
1238,681,210,210,86,203,141,0,,,
1242,682,210,210,86,203,142,0,,,
1246,683,210,210,86,203,143,0,,,
1250,684,210,210,86,203,144,0,,,
1254,594,210,210,86,203,145,0,,,
1258,400,210,210,86,203,146,0,,,
1262,592,210,210,86,203,147,0,,,
1266,401,210,210,86,203,148,0,,,
1270,402,210,210,86,203,149,0,,,
1274,403,210,210,86,203,150,0,,,
1278,685,210,210,86,203,151,0,,,
1282,686,210,210,86,203,152,0,,,
1286,36,210,210,86,203,153,0,,,
1290,37,210,210,86,203,154,0,,,
1294,38,210,210,86,203,155,0,,,
1298,587,210,210,86,203,156,0,,,
1302,586,210,210,86,203,157,0,,,
1306,588,210,210,86,203,158,0,,,
1310,589,210,210,86,203,159,0,,,
1314,565,210,210,86,203,161,0,,,
3449,975,210,210,86,203,162,0,,,
1318,407,210,210,86,203,163,0,,,
1322,561,210,210,86,203,164,0,,,
1326,324,210,210,86,203,165,0,,,
1330,371,210,210,86,203,166,0,,,
1334,655,210,210,86,203,167,0,,,
1338,327,210,210,86,203,168,0,,,
1342,330,210,210,86,203,169,0,,,
1346,331,210,210,86,203,170,0,,,
1350,332,210,210,86,203,171,0,,,
1354,333,210,210,86,203,172,0,,,
1358,334,210,210,86,203,173,0,,,
1362,335,210,210,86,203,174,0,,,
1366,336,210,210,86,203,175,0,,,
1370,337,210,210,86,203,176,0,,,
1374,338,210,210,86,203,177,0,,,
1378,339,210,210,86,203,178,0,,,
1382,340,210,210,86,203,179,0,,,
1386,390,210,210,86,203,180,0,,,
1390,391,210,210,86,203,181,0,,,
1394,392,210,210,86,203,182,0,,,
1398,146,210,210,86,203,183,0,,,
1402,394,210,210,86,203,184,0,,,
1406,395,210,210,86,203,185,0,,,
1410,147,210,210,86,203,186,0,,,
1414,347,210,210,86,203,187,0,,,
1418,346,210,210,86,203,188,0,,,
1422,345,210,210,86,203,189,0,,,
1426,344,210,210,86,203,190,0,,,
1430,343,210,210,86,203,191,0,,,
1434,342,210,210,86,203,192,0,,,
1438,341,210,210,86,203,193,0,,,
1442,393,210,210,86,203,194,0,,,
1450,611,210,210,86,203,196,0,,,
1454,612,210,210,86,203,197,0,,,
1458,613,210,210,86,203,198,0,,,
1462,397,210,210,86,203,199,0,,,
1466,607,210,210,86,203,200,0,,,
1470,88,210,210,86,203,201,0,,,
1474,89,210,210,86,203,202,0,,,
1478,555,210,210,86,203,203,0,,,
1490,404,210,210,86,203,206,0,,,
1494,609,210,210,86,203,207,0,,,
1498,653,210,210,86,203,208,0,,,
1502,660,210,210,86,203,209,0,,,
1506,659,210,210,86,203,210,0,,,
1510,610,210,210,86,203,211,0,,,
1514,590,210,210,86,203,212,0,,,
1518,326,210,210,86,203,213,0,,,
1522,354,210,210,86,203,214,0,,,
1526,353,210,210,86,203,215,0,,,
1530,352,210,210,86,203,216,0,,,
1534,351,210,210,86,203,217,0,,,
1538,350,210,210,86,203,218,0,,,
1542,349,210,210,86,203,219,0,,,
1546,348,210,210,86,203,220,0,,,
1550,361,210,210,86,203,221,0,,,
1554,360,210,210,86,203,222,0,,,
1558,359,210,210,86,203,223,0,,,
1562,358,210,210,86,203,224,0,,,
1566,357,210,210,86,203,225,0,,,
1570,356,210,210,86,203,226,0,,,
1574,355,210,210,86,203,227,0,,,
3405,368,210,210,86,203,228,0,,,
1582,367,210,210,86,203,229,0,,,
1586,366,210,210,86,203,230,0,,,
1590,365,210,210,86,203,231,0,,,
1594,364,210,210,86,203,232,0,,,
1598,363,210,210,86,203,233,0,,,
1602,362,210,210,86,203,234,0,,,
3446,768,210,210,86,203,234,0,,,
1606,372,210,210,86,203,235,0,,,
1610,373,210,210,86,203,236,0,,,
1614,374,210,210,86,203,237,0,,,
1618,375,210,210,86,203,238,0,,,
1622,376,210,210,86,203,239,0,,,
1626,377,210,210,86,203,240,0,,,
1630,559,210,210,86,203,241,0,,,
1638,379,210,210,86,203,243,0,,,
1642,63,210,210,86,203,244,0,,,
1646,380,210,210,86,203,245,0,,,
1650,381,210,210,86,203,246,0,,,
1654,382,210,210,86,203,247,0,,,
1658,383,210,210,86,203,248,0,,,
1662,384,210,210,86,203,249,0,,,
1666,385,210,210,86,203,250,0,,,
1670,386,210,210,86,203,251,0,,,
1682,389,210,210,86,203,254,0,,,
886,322,210,210,86,203,255,0,,,
883,447,132,212,98,140,229,10,,,
867,449,132,212,98,140,230,10,,,
881,452,132,212,98,140,231,10,,,
871,453,132,212,98,140,232,10,,,
877,29,132,212,98,140,233,10,,,
879,454,132,212,98,140,234,10,,,
873,456,132,212,98,140,235,10,,,
875,455,132,212,98,140,236,10,,,
869,469,132,212,98,140,237,10,,,
863,471,132,212,98,140,238,10,,,
865,470,132,212,98,140,239,10,,,
889,412,230,230,86,203,1,0,,,
893,158,230,230,86,203,2,0,,,
897,421,230,230,86,203,3,0,,,
901,154,230,230,86,203,4,0,,,
905,313,230,230,86,203,8,0,,,
909,159,230,230,86,203,9,0,,,
913,161,230,230,86,203,10,0,,,
917,138,230,230,86,203,12,0,,,
921,163,230,230,86,203,13,0,,,
925,164,230,230,86,203,15,0,,,
929,204,230,230,86,203,18,0,,,
933,503,230,230,86,203,19,0,,,
937,169,230,230,86,203,20,0,,,
941,166,230,230,86,203,21,0,,,
945,442,230,230,86,203,22,0,,,
949,171,230,230,86,203,23,0,,,
953,174,230,230,86,203,24,0,,,
957,411,230,230,86,203,27,0,,,
961,606,230,230,86,203,28,0,,,
965,202,230,230,86,203,31,0,,,
969,425,230,230,86,203,38,0,,,
977,177,230,230,86,203,40,0,,,
981,175,230,230,86,203,43,0,,,
985,523,230,230,86,203,44,0,,,
2245,219,230,230,86,203,46,0,,,
989,661,230,230,86,203,47,0,,,
993,178,230,230,86,203,50,0,,,
997,217,230,230,86,203,51,0,,,
1001,439,230,230,86,203,52,0,,,
1005,440,230,230,86,203,53,0,,,
1009,181,230,230,86,203,54,0,,,
1013,182,230,230,86,203,55,0,,,
1017,504,230,230,86,203,56,0,,,
1021,505,230,230,86,203,57,0,,,
1025,506,230,230,86,203,58,0,,,
1029,2,230,230,86,203,59,0,,,
1033,443,230,230,86,203,60,0,,,
1037,183,230,230,86,203,62,0,,,
1041,185,230,230,86,203,63,0,,,
1045,510,230,230,86,203,68,0,,,
1049,499,230,230,86,203,69,0,,,
1053,554,230,230,86,203,70,0,,,
1057,441,230,230,86,203,71,0,,,
1061,201,230,230,86,203,72,0,,,
1065,200,230,230,86,203,73,0,,,
1069,194,230,230,86,203,74,0,,,
1073,216,230,230,86,203,75,0,,,
1077,14,230,230,86,203,77,0,,,
1081,654,230,230,86,203,78,0,,,
1085,187,230,230,86,203,79,0,,,
1089,188,230,230,86,203,80,0,,,
2224,699,230,230,86,203,81,0,,,
2226,700,230,230,86,203,82,0,,,
1093,137,230,230,86,203,89,0,,,
1097,189,230,230,86,203,91,0,,,
1101,500,230,230,86,203,95,0,,,
1105,502,230,230,86,203,96,0,,,
3454,774,230,230,86,203,97,0,,,
1109,143,230,230,86,203,99,0,,,
1113,148,230,230,86,203,100,0,,,
1117,369,230,230,86,203,101,0,,,
1121,405,230,230,86,203,102,0,,,
1125,642,230,230,86,203,103,0,,,
1129,52,230,230,86,203,104,0,,,
1133,583,230,230,86,203,105,0,,,
1137,221,230,230,86,203,106,0,,,
1141,222,230,230,86,203,107,0,,,
1145,223,230,230,86,203,108,0,,,
1149,224,230,230,86,203,109,0,,,
1153,509,230,230,86,203,110,0,,,
1157,665,230,230,86,203,111,0,,,
1161,666,230,230,86,203,112,0,,,
1165,667,230,230,86,203,113,0,,,
1169,668,230,230,86,203,114,0,,,
1173,669,230,230,86,203,115,0,,,
1177,670,230,230,86,203,116,0,,,
1181,671,230,230,86,203,117,0,,,
1185,672,230,230,86,203,118,0,,,
1189,673,230,230,86,203,119,0,,,
1193,674,230,230,86,203,120,0,,,
1197,675,230,230,86,203,121,0,,,
1201,676,230,230,86,203,122,0,,,
1205,39,230,230,86,203,126,0,,,
2181,694,230,230,86,203,127,0,,,
1209,498,230,230,86,203,128,0,,,
1213,329,230,230,86,203,129,0,,,
1217,370,230,230,86,203,130,0,,,
1221,677,230,230,86,203,131,0,,,
1225,678,230,230,86,203,132,0,,,
1229,679,230,230,86,203,133,0,,,
1233,680,230,230,86,203,134,0,,,
1237,681,230,230,86,203,141,0,,,
1241,682,230,230,86,203,142,0,,,
1245,683,230,230,86,203,143,0,,,
1249,684,230,230,86,203,144,0,,,
1253,594,230,230,86,203,145,0,,,
1257,400,230,230,86,203,146,0,,,
1261,592,230,230,86,203,147,0,,,
1265,401,230,230,86,203,148,0,,,
1269,402,230,230,86,203,149,0,,,
1273,403,230,230,86,203,150,0,,,
1277,685,230,230,86,203,151,0,,,
1281,686,230,230,86,203,152,0,,,
1285,36,230,230,86,203,153,0,,,
1289,37,230,230,86,203,154,0,,,
1293,38,230,230,86,203,155,0,,,
1297,587,230,230,86,203,156,0,,,
1301,586,230,230,86,203,157,0,,,
1305,588,230,230,86,203,158,0,,,
1309,589,230,230,86,203,159,0,,,
1313,565,230,230,86,203,161,0,,,
3450,975,230,230,86,203,162,0,,,
1317,407,230,230,86,203,163,0,,,
1321,561,230,230,86,203,164,0,,,
1325,324,230,230,86,203,165,0,,,
1329,371,230,230,86,203,166,0,,,
1333,655,230,230,86,203,167,0,,,
1337,327,230,230,86,203,168,0,,,
1341,330,230,230,86,203,169,0,,,
1345,331,230,230,86,203,170,0,,,
1349,332,230,230,86,203,171,0,,,
1353,333,230,230,86,203,172,0,,,
1357,334,230,230,86,203,173,0,,,
1361,335,230,230,86,203,174,0,,,
1365,336,230,230,86,203,175,0,,,
1369,337,230,230,86,203,176,0,,,
1373,338,230,230,86,203,177,0,,,
1377,339,230,230,86,203,178,0,,,
1381,340,230,230,86,203,179,0,,,
1385,390,230,230,86,203,180,0,,,
1389,391,230,230,86,203,181,0,,,
1393,392,230,230,86,203,182,0,,,
1397,146,230,230,86,203,183,0,,,
1401,394,230,230,86,203,184,0,,,
1405,395,230,230,86,203,185,0,,,
1409,147,230,230,86,203,186,0,,,
1413,347,230,230,86,203,187,0,,,
1417,346,230,230,86,203,188,0,,,
1421,345,230,230,86,203,189,0,,,
1425,344,230,230,86,203,190,0,,,
1429,343,230,230,86,203,191,0,,,
1433,342,230,230,86,203,192,0,,,
1437,341,230,230,86,203,193,0,,,
1441,393,230,230,86,203,194,0,,,
1449,611,230,230,86,203,196,0,,,
1453,612,230,230,86,203,197,0,,,
1457,613,230,230,86,203,198,0,,,
1461,397,230,230,86,203,199,0,,,
1465,607,230,230,86,203,200,0,,,
1469,88,230,230,86,203,201,0,,,
1473,89,230,230,86,203,202,0,,,
1477,555,230,230,86,203,203,0,,,
1489,404,230,230,86,203,206,0,,,
1493,609,230,230,86,203,207,0,,,
1497,653,230,230,86,203,208,0,,,
1501,660,230,230,86,203,209,0,,,
1505,659,230,230,86,203,210,0,,,
1509,610,230,230,86,203,211,0,,,
1513,590,230,230,86,203,212,0,,,
1517,326,230,230,86,203,213,0,,,
1521,354,230,230,86,203,214,0,,,
1525,353,230,230,86,203,215,0,,,
1529,352,230,230,86,203,216,0,,,
1533,351,230,230,86,203,217,0,,,
1537,350,230,230,86,203,218,0,,,
1541,349,230,230,86,203,219,0,,,
1545,348,230,230,86,203,220,0,,,
1549,361,230,230,86,203,221,0,,,
1553,360,230,230,86,203,222,0,,,
1557,359,230,230,86,203,223,0,,,
1561,358,230,230,86,203,224,0,,,
1565,357,230,230,86,203,225,0,,,
1569,356,230,230,86,203,226,0,,,
1573,355,230,230,86,203,227,0,,,
3404,368,230,230,86,203,228,0,,,
1581,367,230,230,86,203,229,0,,,
1585,366,230,230,86,203,230,0,,,
1589,365,230,230,86,203,231,0,,,
1593,364,230,230,86,203,232,0,,,
1597,363,230,230,86,203,233,0,,,
1601,362,230,230,86,203,234,0,,,
1605,372,230,230,86,203,235,0,,,
1609,373,230,230,86,203,236,0,,,
1613,374,230,230,86,203,237,0,,,
1617,375,230,230,86,203,238,0,,,
1621,376,230,230,86,203,239,0,,,
1625,377,230,230,86,203,240,0,,,
1629,559,230,230,86,203,241,0,,,
1637,379,230,230,86,203,243,0,,,
1641,63,230,230,86,203,244,0,,,
1645,380,230,230,86,203,245,0,,,
1649,381,230,230,86,203,246,0,,,
1653,382,230,230,86,203,247,0,,,
1657,383,230,230,86,203,248,0,,,
1661,384,230,230,86,203,249,0,,,
1665,385,230,230,86,203,250,0,,,
1669,386,230,230,86,203,251,0,,,
1681,389,230,230,86,203,254,0,,,
885,322,230,230,86,203,255,0,,,
891,412,240,240,86,203,1,0,,,
895,158,240,240,86,203,2,0,,,
899,421,240,240,86,203,3,0,,,
903,154,240,240,86,203,4,0,,,
907,313,240,240,86,203,8,0,,,
911,159,240,240,86,203,9,0,,,
915,161,240,240,86,203,10,0,,,
919,138,240,240,86,203,12,0,,,
923,163,240,240,86,203,13,0,,,
927,164,240,240,86,203,15,0,,,
931,204,240,240,86,203,18,0,,,
935,503,240,240,86,203,19,0,,,
939,169,240,240,86,203,20,0,,,
943,166,240,240,86,203,21,0,,,
947,442,240,240,86,203,22,0,,,
951,171,240,240,86,203,23,0,,,
955,174,240,240,86,203,24,0,,,
959,411,240,240,86,203,27,0,,,
963,606,240,240,86,203,28,0,,,
967,202,240,240,86,203,31,0,,,
971,425,240,240,86,203,38,0,,,
979,177,240,240,86,203,40,0,,,
983,175,240,240,86,203,43,0,,,
987,523,240,240,86,203,44,0,,,
2246,219,240,240,86,203,46,0,,,
991,661,240,240,86,203,47,0,,,
995,178,240,240,86,203,50,0,,,
999,217,240,240,86,203,51,0,,,
1003,439,240,240,86,203,52,0,,,
2441,437,240,240,86,203,53,0,,,
1011,181,240,240,86,203,54,0,,,
1015,182,240,240,86,203,55,0,,,
1019,504,240,240,86,203,56,0,,,
1023,505,240,240,86,203,57,0,,,
1027,506,240,240,86,203,58,0,,,
1031,2,240,240,86,203,59,0,,,
1035,443,240,240,86,203,60,0,,,
1039,183,240,240,86,203,62,0,,,
1043,185,240,240,86,203,63,0,,,
1047,510,240,240,86,203,68,0,,,
1051,499,240,240,86,203,69,0,,,
1055,554,240,240,86,203,70,0,,,
1059,441,240,240,86,203,71,0,,,
1063,201,240,240,86,203,72,0,,,
1067,200,240,240,86,203,73,0,,,
1071,194,240,240,86,203,74,0,,,
1075,216,240,240,86,203,75,0,,,
1079,14,240,240,86,203,77,0,,,
1083,654,240,240,86,203,78,0,,,
1087,187,240,240,86,203,79,0,,,
1091,188,240,240,86,203,80,0,,,
2225,699,240,240,86,203,81,0,,,
2227,700,240,240,86,203,82,0,,,
1095,137,240,240,86,203,89,0,,,
1099,189,240,240,86,203,91,0,,,
2354,750,240,240,86,203,92,0,,,
1103,500,240,240,86,203,95,0,,,
1107,502,240,240,86,203,96,0,,,
3452,774,240,240,86,203,97,0,,,
1111,143,240,240,86,203,99,0,,,
1115,148,240,240,86,203,100,0,,,
1119,369,240,240,86,203,101,0,,,
1123,405,240,240,86,203,102,0,,,
1127,642,240,240,86,203,103,0,,,
1131,52,240,240,86,203,104,0,,,
1135,583,240,240,86,203,105,0,,,
1139,221,240,240,86,203,106,0,,,
1143,222,240,240,86,203,107,0,,,
1147,223,240,240,86,203,108,0,,,
1151,224,240,240,86,203,109,0,,,
1155,509,240,240,86,203,110,0,,,
1159,665,240,240,86,203,111,0,,,
1163,666,240,240,86,203,112,0,,,
1167,667,240,240,86,203,113,0,,,
1171,668,240,240,86,203,114,0,,,
1175,669,240,240,86,203,115,0,,,
1179,670,240,240,86,203,116,0,,,
1183,671,240,240,86,203,117,0,,,
1187,672,240,240,86,203,118,0,,,
1191,673,240,240,86,203,119,0,,,
1195,674,240,240,86,203,120,0,,,
1199,675,240,240,86,203,121,0,,,
1203,676,240,240,86,203,122,0,,,
1207,39,240,240,86,203,126,0,,,
2243,694,240,240,86,203,127,0,,,
1211,498,240,240,86,203,128,0,,,
1215,329,240,240,86,203,129,0,,,
1219,370,240,240,86,203,130,0,,,
1223,677,240,240,86,203,131,0,,,
1227,678,240,240,86,203,132,0,,,
1231,679,240,240,86,203,133,0,,,
1235,680,240,240,86,203,134,0,,,
2241,714,240,240,86,203,135,0,,,
2242,715,240,240,86,203,136,0,,,
2247,719,240,240,86,203,137,0,,,
2228,701,240,240,86,203,140,0,,,
1239,681,240,240,86,203,141,0,,,
1243,682,240,240,86,203,142,0,,,
1247,683,240,240,86,203,143,0,,,
1251,684,240,240,86,203,144,0,,,
1255,594,240,240,86,203,145,0,,,
1259,400,240,240,86,203,146,0,,,
1263,592,240,240,86,203,147,0,,,
1267,401,240,240,86,203,148,0,,,
1271,402,240,240,86,203,149,0,,,
1275,403,240,240,86,203,150,0,,,
1279,685,240,240,86,203,151,0,,,
1283,686,240,240,86,203,152,0,,,
1287,36,240,240,86,203,153,0,,,
1291,37,240,240,86,203,154,0,,,
1295,38,240,240,86,203,155,0,,,
1299,587,240,240,86,203,156,0,,,
1303,586,240,240,86,203,157,0,,,
1307,588,240,240,86,203,158,0,,,
1311,589,240,240,86,203,159,0,,,
1315,565,240,240,86,203,161,0,,,
3451,975,240,240,86,203,162,0,,,
1319,407,240,240,86,203,163,0,,,
1323,561,240,240,86,203,164,0,,,
1327,324,240,240,86,203,165,0,,,
1331,371,240,240,86,203,166,0,,,
1335,655,240,240,86,203,167,0,,,
1339,327,240,240,86,203,168,0,,,
1343,330,240,240,86,203,169,0,,,
1347,331,240,240,86,203,170,0,,,
1351,332,240,240,86,203,171,0,,,
1355,333,240,240,86,203,172,0,,,
1359,334,240,240,86,203,173,0,,,
2194,334,240,240,86,203,173,10,,,
1363,335,240,240,86,203,174,0,,,
2195,335,240,240,86,203,174,10,,,
1367,336,240,240,86,203,175,0,,,
2196,336,240,240,86,203,175,10,,,
1371,337,240,240,86,203,176,0,,,
2197,337,240,240,86,203,176,10,,,
1375,338,240,240,86,203,177,0,,,
2198,338,240,240,86,203,177,10,,,
1379,339,240,240,86,203,178,0,,,
2199,339,240,240,86,203,178,10,,,
1383,340,240,240,86,203,179,0,,,
2200,340,240,240,86,203,179,10,,,
1387,390,240,240,86,203,180,0,,,
1391,391,240,240,86,203,181,0,,,
1395,392,240,240,86,203,182,0,,,
1399,146,240,240,86,203,183,0,,,
2281,709,240,240,86,203,184,0,,,
2280,710,240,240,86,203,185,0,,,
1411,147,240,240,86,203,186,0,,,
1415,347,240,240,86,203,187,0,,,
2214,347,240,240,86,203,187,10,,,
1419,346,240,240,86,203,188,0,,,
2213,346,240,240,86,203,188,10,,,
1423,345,240,240,86,203,189,0,,,
2212,345,240,240,86,203,189,10,,,
1427,344,240,240,86,203,190,0,,,
2211,344,240,240,86,203,190,10,,,
1431,343,240,240,86,203,191,0,,,
2210,343,240,240,86,203,191,10,,,
1435,342,240,240,86,203,192,0,,,
2209,342,240,240,86,203,192,10,,,
1439,341,240,240,86,203,193,0,,,
2208,341,240,240,86,203,193,10,,,
1443,393,240,240,86,203,194,0,,,
2282,713,240,240,86,203,194,0,,,
1451,611,240,240,86,203,196,0,,,
1455,612,240,240,86,203,197,0,,,
1459,613,240,240,86,203,198,0,,,
1463,397,240,240,86,203,199,0,,,
1467,607,240,240,86,203,200,0,,,
1471,88,240,240,86,203,201,0,,,
1475,89,240,240,86,203,202,0,,,
1479,555,240,240,86,203,203,0,,,
3301,772,240,240,86,203,204,0,,,
3302,773,240,240,86,203,205,0,,,
1491,404,240,240,86,203,206,0,,,
1495,609,240,240,86,203,207,0,,,
1499,653,240,240,86,203,208,0,,,
1503,660,240,240,86,203,209,0,,,
1507,659,240,240,86,203,210,0,,,
1511,610,240,240,86,203,211,0,,,
1515,590,240,240,86,203,212,0,,,
1519,326,240,240,86,203,213,0,,,
1523,354,240,240,86,203,214,0,,,
2221,354,240,240,86,203,214,10,,,
1527,353,240,240,86,203,215,0,,,
2220,353,240,240,86,203,215,10,,,
1531,352,240,240,86,203,216,0,,,
2219,352,240,240,86,203,216,10,,,
1535,351,240,240,86,203,217,0,,,
2218,351,240,240,86,203,217,10,,,
1539,350,240,240,86,203,218,0,,,
2217,350,240,240,86,203,218,10,,,
1543,349,240,240,86,203,219,0,,,
2216,349,240,240,86,203,219,10,,,
1547,348,240,240,86,203,220,0,,,
2215,348,240,240,86,203,220,10,,,
1551,361,240,240,86,203,221,2,,,
1555,360,240,240,86,203,222,2,,,
1559,359,240,240,86,203,223,2,,,
1563,358,240,240,86,203,224,2,,,
1567,357,240,240,86,203,225,2,,,
1571,356,240,240,86,203,226,2,,,
1575,355,240,240,86,203,227,2,,,
3406,368,240,240,86,203,228,0,,,
1583,367,240,240,86,203,229,0,,,
2206,367,240,240,86,203,229,10,,,
1587,366,240,240,86,203,230,0,,,
2205,366,240,240,86,203,230,10,,,
1591,365,240,240,86,203,231,0,,,
2204,365,240,240,86,203,231,10,,,
1595,364,240,240,86,203,232,0,,,
2203,364,240,240,86,203,232,10,,,
1599,363,240,240,86,203,233,0,,,
2202,363,240,240,86,203,233,10,,,
1603,362,240,240,86,203,234,0,,,
2201,362,240,240,86,203,234,10,,,
1607,372,240,240,86,203,235,0,,,
1611,373,240,240,86,203,236,0,,,
1615,374,240,240,86,203,237,0,,,
1619,375,240,240,86,203,238,0,,,
1623,376,240,240,86,203,239,0,,,
1627,377,240,240,86,203,240,0,,,
1631,559,240,240,86,203,241,0,,,
1639,379,240,240,86,203,243,0,,,
1643,63,240,240,86,203,244,0,,,
1647,380,240,240,86,203,245,0,,,
1651,381,240,240,86,203,246,0,,,
1655,382,240,240,86,203,247,0,,,
1659,383,240,240,86,203,248,0,,,
1663,384,240,240,86,203,249,0,,,
1667,385,240,240,86,203,250,0,,,
2442,764,240,240,86,203,251,0,,,
2457,386,240,240,86,203,251,0,,,
2443,765,240,240,86,203,252,0,,,
2444,766,240,240,86,203,253,0,,,
887,322,240,240,86,203,255,0,,,
3371,166,241,241,86,203,0,0,,,
3086,980,241,241,86,207,9,10,,,
3087,980,241,241,86,207,9,0,,,
3070,334,241,241,86,207,173,10,,,
3071,334,241,241,86,207,173,0,,,
3072,335,241,241,86,207,174,10,,,
3073,335,241,241,86,207,174,0,,,
3074,336,241,241,86,207,175,10,,,
3075,336,241,241,86,207,175,0,,,
3076,337,241,241,86,207,176,10,,,
3077,337,241,241,86,207,176,0,,,
3078,338,241,241,86,207,177,10,,,
3079,338,241,241,86,207,177,0,,,
3080,339,241,241,86,207,178,10,,,
3081,339,241,241,86,207,178,0,,,
3082,340,241,241,86,207,179,10,,,
3083,340,241,241,86,207,179,0,,,
2356,169,242,242,86,207,1,0,,,
2415,166,242,242,86,207,2,10,,,
2416,166,242,242,86,207,2,0,,,
2413,181,242,242,86,207,3,0,,,
2414,181,242,242,86,207,3,10,,,
2446,437,242,242,86,207,4,0,,,
2447,437,242,242,86,207,4,10,,,
2448,764,242,242,86,207,5,0,,,
2449,764,242,242,86,207,5,10,,,
2450,765,242,242,86,207,6,0,,,
2451,765,242,242,86,207,6,10,,,
2452,766,242,242,86,207,7,0,,,
2453,766,242,242,86,207,7,10,,,
2454,182,242,242,86,207,8,0,,,
2455,182,242,242,86,207,8,10,,,
3084,980,242,242,86,207,9,10,,,
3085,980,242,242,86,207,9,0,,,
2068,36,242,242,86,207,11,0,,,
2088,37,242,242,86,207,12,0,,,
2040,38,242,242,86,207,13,0,,,
2026,225,242,242,86,207,14,0,,,
2108,226,242,242,86,207,15,0,,,
2046,685,242,242,86,207,21,0,,,
2058,686,242,242,86,207,22,0,,,
2090,227,242,242,86,207,23,0,,,
2018,228,242,242,86,207,24,0,,,
2012,229,242,242,86,207,25,0,,,
2074,230,242,242,86,207,26,0,,,
2004,257,242,242,86,207,31,0,,,
2072,258,242,242,86,207,32,0,,,
2104,259,242,242,86,207,33,0,,,
2086,260,242,242,86,207,34,0,,,
2014,302,242,242,86,207,35,0,,,
2094,231,242,242,86,207,41,0,,,
2076,232,242,242,86,207,42,0,,,
2066,233,242,242,86,207,43,0,,,
2054,234,242,242,86,207,51,0,,,
2044,235,242,242,86,207,52,0,,,
2034,236,242,242,86,207,53,0,,,
2030,237,242,242,86,207,54,0,,,
2056,681,242,242,86,207,61,0,,,
2038,682,242,242,86,207,62,0,,,
2092,683,242,242,86,207,63,0,,,
2110,684,242,242,86,207,64,0,,,
2042,255,242,242,86,207,65,0,,,
2078,256,242,242,86,207,66,0,,,
2016,261,242,242,86,207,67,0,,,
2060,238,242,242,86,207,71,0,,,
2084,239,242,242,86,207,72,0,,,
2064,240,242,242,86,207,73,0,,,
2028,241,242,242,86,207,74,0,,,
2032,242,242,242,86,207,75,0,,,
2102,263,242,242,86,207,76,0,,,
2048,264,242,242,86,207,77,0,,,
2024,265,242,242,86,207,78,0,,,
2022,266,242,242,86,207,79,0,,,
2008,267,242,242,86,207,80,0,,,
2006,243,242,242,86,207,81,0,,,
2010,244,242,242,86,207,82,0,,,
2106,245,242,242,86,207,83,0,,,
2096,246,242,242,86,207,84,0,,,
2082,247,242,242,86,207,85,0,,,
2080,248,242,242,86,207,86,0,,,
2070,262,242,242,86,207,87,0,,,
2052,76,242,242,86,207,88,0,,,
2050,249,242,242,86,207,91,0,,,
2036,250,242,242,86,207,92,0,,,
2020,251,242,242,86,207,93,0,,,
2100,252,242,242,86,207,94,0,,,
2098,253,242,242,86,207,95,0,,,
2062,254,242,242,86,207,96,0,,,
3432,984,242,242,86,207,170,0,,,
3433,984,242,242,86,207,170,10,,,
3430,983,242,242,86,207,171,10,,,
3431,983,242,242,86,207,171,0,,,
3428,982,242,242,86,207,172,0,,,
3429,982,242,242,86,207,172,10,,,
2304,334,242,242,86,207,173,10,,,
2311,334,242,242,86,207,173,0,,,
2305,335,242,242,86,207,174,10,,,
2312,335,242,242,86,207,174,0,,,
2306,336,242,242,86,207,175,10,,,
2313,336,242,242,86,207,175,0,,,
2307,337,242,242,86,207,176,10,,,
2314,337,242,242,86,207,176,0,,,
2308,338,242,242,86,207,177,10,,,
2315,338,242,242,86,207,177,0,,,
2309,339,242,242,86,207,178,10,,,
2316,339,242,242,86,207,178,0,,,
2310,340,242,242,86,207,179,10,,,
2317,340,242,242,86,207,179,0,,,
2325,368,242,242,86,207,180,0,,,
2326,368,242,242,86,207,180,10,,,
2327,367,242,242,86,207,181,0,,,
2328,367,242,242,86,207,181,10,,,
2329,366,242,242,86,207,182,0,,,
2330,366,242,242,86,207,182,10,,,
2331,365,242,242,86,207,183,0,,,
2332,365,242,242,86,207,183,10,,,
2333,364,242,242,86,207,184,0,,,
2334,364,242,242,86,207,184,10,,,
2335,363,242,242,86,207,185,0,,,
2336,363,242,242,86,207,185,10,,,
2337,362,242,242,86,207,186,0,,,
2338,362,242,242,86,207,186,10,,,
2357,347,242,242,86,207,187,0,,,
2358,347,242,242,86,207,187,10,,,
2359,346,242,242,86,207,188,0,,,
2360,346,242,242,86,207,188,10,,,
2361,345,242,242,86,207,189,0,,,
2362,345,242,242,86,207,189,10,,,
2363,344,242,242,86,207,190,0,,,
2364,344,242,242,86,207,190,10,,,
2365,343,242,242,86,207,191,0,,,
2366,343,242,242,86,207,191,10,,,
2367,342,242,242,86,207,192,0,,,
2368,342,242,242,86,207,192,10,,,
2369,341,242,242,86,207,193,0,,,
2370,341,242,242,86,207,193,10,,,
2371,757,242,242,86,207,194,0,,,
2372,757,242,242,86,207,194,10,,,
2373,758,242,242,86,207,195,0,,,
2374,758,242,242,86,207,195,10,,,
2375,759,242,242,86,207,196,0,,,
2376,759,242,242,86,207,196,10,,,
2377,760,242,242,86,207,197,0,,,
2378,760,242,242,86,207,197,10,,,
2379,761,242,242,86,207,198,0,,,
2380,761,242,242,86,207,198,10,,,
2381,762,242,242,86,207,199,0,,,
2382,762,242,242,86,207,199,10,,,
2383,763,242,242,86,207,200,0,,,
2384,763,242,242,86,207,200,10,,,
2385,361,242,242,86,207,201,0,,,
2386,361,242,242,86,207,201,10,,,
2387,360,242,242,86,207,202,0,,,
2388,360,242,242,86,207,202,10,,,
2389,359,242,242,86,207,203,0,,,
2390,359,242,242,86,207,203,10,,,
2391,358,242,242,86,207,204,0,,,
2392,358,242,242,86,207,204,10,,,
2393,357,242,242,86,207,205,0,,,
2394,357,242,242,86,207,205,10,,,
2395,356,242,242,86,207,206,0,,,
2396,356,242,242,86,207,206,10,,,
2397,355,242,242,86,207,207,0,,,
2398,355,242,242,86,207,207,10,,,
2399,354,242,242,86,207,208,0,,,
2400,354,242,242,86,207,208,10,,,
2401,353,242,242,86,207,209,0,,,
2402,353,242,242,86,207,209,10,,,
2403,352,242,242,86,207,210,0,,,
2404,352,242,242,86,207,210,10,,,
2405,351,242,242,86,207,211,0,,,
2406,351,242,242,86,207,211,10,,,
2407,350,242,242,86,207,212,0,,,
2408,350,242,242,86,207,212,10,,,
2409,349,242,242,86,207,213,0,,,
2410,349,242,242,86,207,213,10,,,
2411,348,242,242,86,207,214,0,,,
2412,348,242,242,86,207,214,10,,,
3332,895,242,242,86,207,215,0,,,
3333,895,242,242,86,207,215,10,,,
3334,966,242,242,86,207,216,0,,,
3335,966,242,242,86,207,216,10,,,
3336,967,242,242,86,207,217,0,,,
3337,967,242,242,86,207,217,10,,,
3338,900,242,242,86,207,218,0,,,
3339,900,242,242,86,207,218,10,,,
3340,968,242,242,86,207,219,0,,,
3341,968,242,242,86,207,219,10,,,
3342,969,242,242,86,207,220,0,,,
3343,969,242,242,86,207,220,10,,,
3344,905,242,242,86,207,221,0,,,
3345,905,242,242,86,207,221,10,,,
2191,169,250,250,86,203,20,0,,,
2192,166,250,250,86,203,21,0,,,
2188,175,250,250,86,203,44,0,,,
2186,2,250,250,86,203,59,0,,,
2189,441,250,250,86,203,71,0,,,
2190,201,250,250,86,203,72,0,,,
2187,509,250,250,86,203,110,0,,,
2353,509,250,250,86,203,110,0,,,
2185,696,250,250,86,203,124,0,,,
3438,984,250,250,86,207,170,0,,,
3439,984,250,250,86,207,170,10,,,
3436,983,250,250,86,207,171,0,,,
3437,983,250,250,86,207,171,10,,,
3434,982,250,250,86,207,172,0,,,
3435,982,250,250,86,207,172,10,,,
2318,334,250,250,86,207,173,0,,,
2319,335,250,250,86,207,174,0,,,
2320,336,250,250,86,207,175,0,,,
2321,337,250,250,86,207,176,0,,,
2322,338,250,250,86,207,177,0,,,
2323,339,250,250,86,207,178,0,,,
2324,340,250,250,86,207,179,0,,,
2339,368,250,250,86,207,180,0,,,
2340,368,250,250,86,207,180,10,,,
2341,367,250,250,86,207,181,0,,,
2342,367,250,250,86,207,181,10,,,
2343,366,250,250,86,207,182,0,,,
2344,366,250,250,86,207,182,10,,,
2345,365,250,250,86,207,183,0,,,
2346,365,250,250,86,207,183,10,,,
2347,364,250,250,86,207,184,0,,,
2348,364,250,250,86,207,184,10,,,
2349,363,250,250,86,207,185,0,,,
2350,363,250,250,86,207,185,10,,,
2351,362,250,250,86,207,186,0,,,
2352,362,250,250,86,207,186,10,,,
3357,895,250,250,86,207,187,0,,,
3358,895,250,250,86,207,187,10,,,
3359,966,250,250,86,207,188,0,,,
3360,966,250,250,86,207,188,10,,,
3361,967,250,250,86,207,189,0,,,
3362,967,250,250,86,207,189,10,,,
3363,900,250,250,86,207,190,0,,,
3364,900,250,250,86,207,190,10,,,
3365,968,250,250,86,207,191,0,,,
3366,968,250,250,86,207,191,10,,,
3367,969,250,250,86,207,192,0,,,
3368,969,250,250,86,207,192,10,,,
3369,905,250,250,86,207,193,0,,,
3370,905,250,250,86,207,193,10,,,
3390,148,130,255,98,128,31,0,,,
2430,431,130,255,98,128,34,0,1,1,0
2440,598,130,255,98,128,39,0,,,
3395,411,130,255,98,128,49,2,,,
3396,559,130,255,98,128,59,0,,,
3388,158,130,255,98,128,129,0,,,
3292,153,130,255,98,128,130,0,,,
3293,171,130,255,98,128,131,0,,,
3294,174,130,255,98,128,132,0,,,
3295,138,130,255,98,128,133,0,,,
2428,48,130,255,98,128,134,0,1,1,0
3394,702,130,255,98,128,136,0,,,
2288,153,130,255,98,128,139,0,,,
2422,217,130,255,98,128,141,0,1,1,0
2437,184,130,255,98,128,142,0,1,1,0
2438,186,130,255,98,128,143,0,1,1,0
3391,193,130,255,98,128,144,0,,,
2429,89,130,255,98,128,146,0,1,1,0
2427,88,130,255,98,128,147,0,1,1,0
2421,139,130,255,98,128,151,0,1,1,0
3385,195,130,255,98,128,156,0,,,
2425,655,130,255,98,128,159,0,1,1,0
2424,438,130,255,98,128,164,0,1,1,0
2417,171,130,255,98,128,165,0,1,1,0
2418,174,130,255,98,128,166,0,1,1,0
2419,153,130,255,98,128,167,0,1,1,0
2420,162,130,255,98,128,168,0,1,1,0
2436,318,130,255,98,128,169,0,1,1,0
2439,143,130,255,98,128,172,0,1,1,0
2435,500,130,255,98,128,175,0,1,1,0
2434,499,130,255,98,128,177,0,1,1,0
2432,697,130,255,98,128,180,0,1,1,0
2433,698,130,255,98,128,181,0,1,1,0
3392,214,130,255,98,128,201,2,,,
3393,215,130,255,98,128,202,2,,,
3397,179,130,255,98,128,228,0,,,
2423,218,130,255,98,128,235,0,1,1,0
2426,616,130,255,98,128,243,0,1,1,0
3298,146,130,255,98,128,244,0,,,
3299,775,130,255,98,128,245,0,,,
3296,654,130,255,98,128,246,0,,,
3300,52,130,255,98,128,247,0,,,
3297,438,130,255,98,128,248,0,,,
